data_id,data_cnt,origin_vote,S_id,vote,random_label
1,491,3,3,3,1
2,491,3,3,3,3
3,491,3,3,3,5
4,491,3,3,3,4
5,491,3,3,3,3
6,491,3,3,3,1
7,491,3,3,3,1
8,491,3,3,3,4
9,491,3,3,3,6
10,124,1,1,1,5
11,491,3,3,3,3
12,491,3,3,3,6
13,491,3,3,3,6
14,491,3,3,3,5
15,491,3,3,3,4
16,491,3,3,3,2
17,491,3,3,3,2
18,491,3,3,3,2
19,491,3,3,3,4
20,491,3,3,3,6
21,491,3,3,3,3
22,491,3,3,3,5
23,491,3,3,3,3
24,491,3,3,3,4
25,491,3,3,3,4
26,491,3,3,3,3
27,491,3,3,3,6
28,491,3,3,3,1
29,491,3,3,3,3
30,491,3,3,3,5
31,491,3,3,3,1
32,1,1,7,1,3
33,491,3,3,3,6
34,491,3,3,3,5
35,491,3,3,3,3
36,491,3,3,3,3
37,491,3,3,3,2
38,491,3,3,3,6
39,491,3,3,3,2
40,491,3,3,3,3
41,491,3,3,3,1
42,491,3,3,3,3
43,491,3,3,3,1
44,491,3,3,3,6
45,491,3,3,3,4
46,491,3,3,3,5
47,491,3,3,3,4
48,491,3,3,3,1
49,491,3,3,3,1
50,491,3,3,3,5
51,491,3,3,3,6
52,491,3,3,3,5
53,491,3,3,3,6
54,491,3,3,3,1
55,491,3,3,3,6
56,491,3,3,3,3
57,124,1,1,1,3
58,491,3,3,3,5
59,491,3,3,3,6
60,1,3,8,3,4
61,491,3,3,3,5
62,491,3,3,3,1
63,491,3,3,3,1
64,491,3,3,3,3
65,491,3,3,3,5
66,491,3,3,3,2
67,491,3,3,3,2
68,491,3,3,3,3
69,491,3,3,3,4
70,491,3,3,3,4
71,491,3,3,3,5
72,491,3,3,3,3
73,491,3,3,3,3
74,491,3,3,3,6
75,491,3,3,3,4
76,491,3,3,3,5
77,491,3,3,3,5
78,491,3,3,3,5
79,491,3,3,3,4
80,491,3,3,3,1
81,491,3,3,3,2
82,491,3,3,3,2
83,491,3,3,3,5
84,491,3,3,3,5
85,491,3,3,3,5
86,491,3,3,3,5
87,491,3,3,3,6
88,491,3,3,3,2
89,491,3,3,3,5
90,491,3,3,3,5
91,491,3,3,3,6
92,491,3,3,3,2
93,491,3,3,3,2
94,491,3,3,3,3
95,491,3,3,3,2
96,491,3,3,3,6
97,491,3,3,3,5
98,491,3,3,3,1
99,491,3,3,3,3
100,491,3,3,3,6
101,491,3,3,3,4
102,491,3,3,3,1
103,491,3,3,3,6
104,491,3,3,3,6
105,491,3,3,3,1
106,491,3,3,3,2
107,491,3,3,3,2
108,491,3,3,3,3
109,491,3,3,3,6
110,491,3,3,3,4
111,491,3,3,3,5
112,491,3,3,3,2
113,491,3,3,3,2
114,491,3,3,3,5
115,491,3,3,3,6
116,491,3,3,3,3
117,491,3,3,3,5
118,491,3,3,3,3
119,491,3,3,3,6
120,491,3,3,3,6
121,491,3,3,3,5
122,491,3,3,3,3
123,491,3,3,3,2
124,491,3,3,3,6
125,491,3,3,3,4
126,491,3,3,3,1
127,491,3,3,3,6
128,491,3,3,3,2
129,491,3,3,3,6
130,491,3,3,3,5
131,491,3,3,3,4
132,491,3,3,3,1
133,491,3,3,3,4
134,491,3,3,3,3
135,491,3,3,3,4
136,491,3,3,3,6
137,491,3,3,3,1
138,491,3,3,3,6
139,491,3,3,3,4
140,491,3,3,3,2
141,491,3,3,3,3
142,491,3,3,3,5
143,491,3,3,3,6
144,491,3,3,3,3
145,491,3,3,3,5
146,491,3,3,3,1
147,491,3,3,3,3
148,491,3,3,3,1
149,491,3,3,3,3
150,491,3,3,3,2
151,491,3,3,3,2
152,491,3,3,3,1
153,491,3,3,3,6
154,491,3,3,3,6
155,491,3,3,3,5
156,491,3,3,3,4
157,491,3,3,3,4
158,491,3,3,3,5
159,491,3,3,3,6
160,491,3,3,3,2
161,491,3,3,3,3
162,491,3,3,3,6
163,491,3,3,3,5
164,491,3,3,3,5
165,491,3,3,3,2
166,491,3,3,3,6
167,491,3,3,3,2
168,491,3,3,3,6
169,491,3,3,3,4
170,491,3,3,3,3
171,491,3,3,3,2
172,491,3,3,3,1
173,491,3,3,3,4
174,491,3,3,3,2
175,491,3,3,3,4
176,491,3,3,3,5
177,491,3,3,3,2
178,491,3,3,3,4
179,491,3,3,3,6
180,491,3,3,3,2
181,491,3,3,3,3
182,491,3,3,3,5
183,491,3,3,3,5
184,491,3,3,3,1
185,491,3,3,3,6
186,491,3,3,3,2
187,491,3,3,3,1
188,491,3,3,3,5
189,491,3,3,3,5
190,491,3,3,3,1
191,491,3,3,3,2
192,491,3,3,3,2
193,491,3,3,3,4
194,491,3,3,3,4
195,491,3,3,3,4
196,491,3,3,3,1
197,491,3,3,3,5
198,491,3,3,3,3
199,491,3,3,3,3
200,491,3,3,3,5
201,491,3,3,3,5
202,491,3,3,3,2
203,491,3,3,3,5
204,491,3,3,3,2
205,491,3,3,3,6
206,491,3,3,3,5
207,491,3,3,3,3
208,491,3,3,3,3
209,491,3,3,3,2
210,491,3,3,3,3
211,491,3,3,3,2
212,491,3,3,3,2
213,491,3,3,3,1
214,491,3,3,3,5
215,491,3,3,3,5
216,491,3,3,3,3
217,491,3,3,3,5
218,491,3,3,3,6
219,491,3,3,3,5
220,491,3,3,3,6
221,491,3,3,3,2
222,491,3,3,3,1
223,491,3,3,3,2
224,491,3,3,3,1
225,491,3,3,3,6
226,491,3,3,3,5
227,491,3,3,3,6
228,491,3,3,3,2
229,491,3,3,3,6
230,491,3,3,3,4
231,491,3,3,3,6
232,491,3,3,3,5
233,491,3,3,3,4
234,491,3,3,3,4
235,491,3,3,3,1
236,491,3,3,3,4
237,491,3,3,3,1
238,491,3,3,3,2
239,491,3,3,3,4
240,491,3,3,3,1
241,491,3,3,3,5
242,491,3,3,3,3
243,491,3,3,3,1
244,491,3,3,3,3
245,491,3,3,3,1
246,491,3,3,3,3
247,491,3,3,3,5
248,491,3,3,3,5
249,491,3,3,3,4
250,491,3,3,3,3
251,491,3,3,3,4
252,491,3,3,3,4
253,491,3,3,3,2
254,491,3,3,3,6
255,491,3,3,3,3
256,491,3,3,3,1
257,491,3,3,3,5
258,491,3,3,3,2
259,491,3,3,3,2
260,491,3,3,3,3
261,491,3,3,3,4
262,491,3,3,3,3
263,491,3,3,3,6
264,491,3,3,3,4
265,491,3,3,3,4
266,491,3,3,3,4
267,491,3,3,3,1
268,491,3,3,3,3
269,491,3,3,3,1
270,491,3,3,3,3
271,491,3,3,3,5
272,491,3,3,3,6
273,491,3,3,3,6
274,491,3,3,3,6
275,491,3,3,3,3
276,491,3,3,3,5
277,491,3,3,3,3
278,491,3,3,3,1
279,491,3,3,3,3
280,491,3,3,3,5
281,491,3,3,3,1
282,491,3,3,3,5
283,491,3,3,3,4
284,491,3,3,3,6
285,491,3,3,3,6
286,491,3,3,3,1
287,491,3,3,3,3
288,491,3,3,3,5
289,491,3,3,3,4
290,491,3,3,3,2
291,491,3,3,3,4
292,491,3,3,3,3
293,491,3,3,3,5
294,491,3,3,3,6
295,491,3,3,3,1
296,491,3,3,3,1
297,491,3,3,3,3
298,491,3,3,3,3
299,491,3,3,3,2
300,291,2,2,2,3
301,491,3,3,3,1
302,491,3,3,3,1
303,491,3,3,3,2
304,491,3,3,3,2
305,491,3,3,3,5
306,491,3,3,3,1
307,491,3,3,3,2
308,491,3,3,3,4
309,491,3,3,3,3
310,491,3,3,3,4
311,491,3,3,3,2
312,491,3,3,3,3
313,491,3,3,3,2
314,491,3,3,3,2
315,491,3,3,3,1
316,491,3,3,3,3
317,491,3,3,3,5
318,491,3,3,3,4
319,491,3,3,3,2
320,491,3,3,3,1
321,491,3,3,3,1
322,491,3,3,3,2
323,491,3,3,3,4
324,491,3,3,3,2
325,491,3,3,3,5
326,491,3,3,3,3
327,491,3,3,3,5
328,491,3,3,3,4
329,491,3,3,3,4
330,491,3,3,3,6
331,491,3,3,3,6
332,491,3,3,3,1
333,491,3,3,3,3
334,491,3,3,3,1
335,491,3,3,3,4
336,491,3,3,3,3
337,491,3,3,3,3
338,491,3,3,3,2
339,491,3,3,3,5
340,491,3,3,3,2
341,491,3,3,3,3
342,491,3,3,3,4
343,491,3,3,3,5
344,491,3,3,3,6
345,491,3,3,3,2
346,491,3,3,3,6
347,491,3,3,3,1
348,491,3,3,3,5
349,491,3,3,3,2
350,491,3,3,3,1
351,491,3,3,3,6
352,491,3,3,3,2
353,491,3,3,3,6
354,491,3,3,3,3
355,491,3,3,3,3
356,491,3,3,3,2
357,491,3,3,3,2
358,491,3,3,3,4
359,491,3,3,3,1
360,491,3,3,3,5
361,491,3,3,3,4
362,491,3,3,3,1
363,491,3,3,3,3
364,491,3,3,3,1
365,491,3,3,3,2
366,491,3,3,3,3
367,491,3,3,3,4
368,491,3,3,3,5
369,491,3,3,3,1
370,491,3,3,3,1
371,491,3,3,3,6
372,491,3,3,3,6
373,491,3,3,3,2
374,491,3,3,3,3
375,491,3,3,3,3
376,491,3,3,3,4
377,491,3,3,3,5
378,491,3,3,3,3
379,491,3,3,3,1
380,491,3,3,3,3
381,491,3,3,3,1
382,491,3,3,3,4
383,491,3,3,3,2
384,491,3,3,3,5
385,491,3,3,3,4
386,491,3,3,3,3
387,491,3,3,3,1
388,491,3,3,3,2
389,491,3,3,3,4
390,491,3,3,3,1
391,491,3,3,3,6
392,491,3,3,3,2
393,491,3,3,3,2
394,491,3,3,3,2
395,491,3,3,3,6
396,491,3,3,3,4
397,491,3,3,3,5
398,491,3,3,3,3
399,491,3,3,3,5
400,491,3,3,3,3
401,491,3,3,3,5
402,491,3,3,3,4
403,491,3,3,3,3
404,491,3,3,3,3
405,491,3,3,3,2
406,491,3,3,3,6
407,491,3,3,3,5
408,491,3,3,3,6
409,491,3,3,3,2
410,491,3,3,3,6
411,491,3,3,3,1
412,491,3,3,3,6
413,491,3,3,3,2
414,491,3,3,3,6
415,491,3,3,3,4
416,491,3,3,3,6
417,491,3,3,3,5
418,491,3,3,3,4
419,491,3,3,3,5
420,491,3,3,3,3
421,491,3,3,3,1
422,491,3,3,3,6
423,491,3,3,3,4
424,491,3,3,3,4
425,491,3,3,3,5
426,491,3,3,3,3
427,491,3,3,3,3
428,491,3,3,3,2
429,491,3,3,3,3
430,491,3,3,3,5
431,491,3,3,3,2
432,491,3,3,3,4
433,491,3,3,3,2
434,491,3,3,3,2
435,491,3,3,3,5
436,491,3,3,3,1
437,491,3,3,3,6
438,491,3,3,3,3
439,491,3,3,3,6
440,491,3,3,3,5
441,491,3,3,3,1
442,491,3,3,3,5
443,491,3,3,3,6
444,491,3,3,3,3
445,491,3,3,3,4
446,491,3,3,3,3
447,491,3,3,3,3
448,491,3,3,3,4
449,491,3,3,3,2
450,491,3,3,3,3
451,491,3,3,3,5
452,491,3,3,3,5
453,491,3,3,3,4
454,491,3,3,3,3
455,491,3,3,3,4
456,491,3,3,3,6
457,491,3,3,3,6
458,491,3,3,3,5
459,491,3,3,3,2
460,491,3,3,3,6
461,491,3,3,3,3
462,491,3,3,3,6
463,491,3,3,3,4
464,491,3,3,3,2
465,491,3,3,3,3
466,491,3,3,3,4
467,491,3,3,3,3
468,491,3,3,3,6
469,491,3,3,3,4
470,491,3,3,3,1
471,491,3,3,3,2
472,491,3,3,3,4
473,491,3,3,3,4
474,491,3,3,3,1
475,491,3,3,3,5
476,491,3,3,3,6
477,491,3,3,3,2
478,491,3,3,3,2
479,491,3,3,3,3
480,491,3,3,3,6
481,491,3,3,3,5
482,491,3,3,3,1
483,491,3,3,3,1
484,491,3,3,3,6
485,491,3,3,3,1
486,491,3,3,3,3
487,491,3,3,3,1
488,491,3,3,3,1
489,491,3,3,3,1
490,491,3,3,3,2
491,491,3,3,3,3
492,491,3,3,3,3
493,491,3,3,3,1
494,491,3,3,3,2
495,1,6,9,6,6
496,1,2,10,2,4
497,1,6,11,6,6
498,291,2,2,2,2
499,1,5,12,5,1
500,1,5,13,5,1
501,1,5,14,5,4
502,1,2,15,2,3
503,1,4,16,4,4
504,1,5,17,5,2
505,1,5,18,5,3
506,1,4,19,4,6
507,1,4,20,4,3
508,1,5,21,5,1
509,1,5,22,5,4
510,1,5,23,5,1
511,1,5,24,5,5
512,124,1,1,1,6
513,1,5,25,5,2
514,1,6,26,6,1
515,1,6,27,5,6
516,1,5,28,5,2
517,1,5,29,5,2
518,1,5,30,5,1
519,1,5,31,5,4
520,1,5,32,5,5
521,1,5,33,5,4
522,291,2,2,2,1
523,1,6,34,6,4
524,1,6,35,6,6
525,1,2,36,2,6
526,1,5,37,5,1
527,1,6,38,6,3
528,1,6,39,6,3
529,1,6,40,6,1
530,291,2,2,2,5
531,1,5,41,5,4
532,1,6,42,6,2
533,1,1,43,1,1
534,1,1,44,1,4
535,1,6,45,6,4
536,1,6,46,6,6
537,1,6,47,6,3
538,1,6,48,6,5
539,1,6,49,6,6
540,1,6,50,6,2
541,124,1,1,1,6
542,1,5,51,5,3
543,1,5,52,5,6
544,1,5,53,5,5
545,1,5,54,5,4
546,1,5,55,5,6
547,1,5,56,5,4
548,1,5,57,5,1
549,1,6,58,6,6
550,1,6,59,6,2
551,1,6,60,6,3
552,1,6,61,6,3
553,124,1,1,1,1
554,1,2,62,6,4
555,1,5,63,5,6
556,1,5,64,5,1
557,1,6,65,6,3
558,1,5,66,5,5
559,1,5,67,5,1
560,1,6,68,6,5
561,1,5,69,5,6
562,1,5,70,5,2
563,1,6,71,6,4
564,1,5,72,5,6
565,1,5,73,5,3
566,1,6,74,6,5
567,1,5,75,5,5
568,1,6,76,6,3
569,1,5,77,5,6
570,1,6,78,6,3
571,1,6,79,6,2
572,1,5,80,5,6
573,1,5,81,5,5
574,1,5,82,5,6
575,1,4,83,4,5
576,1,4,84,4,4
577,1,5,85,5,3
578,1,5,86,5,2
579,1,4,87,4,2
580,1,5,88,5,1
581,1,4,89,4,5
582,1,5,90,5,6
583,1,5,91,5,6
584,1,5,92,5,3
585,1,6,93,6,2
586,1,6,94,6,6
587,1,6,95,6,6
588,1,2,96,2,5
589,1,6,97,6,1
590,1,6,98,6,3
591,1,5,99,5,5
592,1,6,100,6,5
593,1,4,101,4,4
594,291,2,2,2,4
595,291,2,2,2,1
596,291,2,2,2,1
597,1,5,102,5,4
598,291,2,2,2,4
599,1,5,103,5,1
600,1,6,104,6,5
601,1,6,105,6,1
602,1,6,106,6,2
603,1,6,107,6,1
604,1,6,108,6,2
605,1,6,109,6,2
606,1,4,110,4,2
607,1,6,111,6,3
608,1,4,112,4,1
609,1,2,113,2,4
610,1,5,114,5,6
611,1,5,115,5,5
612,1,5,116,5,5
613,1,4,117,4,2
614,26,5,5,5,2
615,1,5,118,5,6
616,1,4,119,4,3
617,1,2,120,2,5
618,1,5,121,5,3
619,1,5,122,5,1
620,26,5,5,5,6
621,291,2,2,2,6
622,1,4,123,4,3
623,1,6,124,6,6
624,1,6,125,6,6
625,1,6,126,6,5
626,1,6,127,6,1
627,1,5,128,5,1
628,1,5,129,5,1
629,1,5,130,5,2
630,1,5,131,5,1
631,1,5,132,5,4
632,1,2,133,2,3
633,291,2,2,2,4
634,1,5,134,5,1
635,1,1,135,1,3
636,1,2,136,2,1
637,1,6,137,6,6
638,1,6,138,6,2
639,1,6,139,6,2
640,1,5,140,5,3
641,1,6,141,6,2
642,1,2,142,2,6
643,1,5,143,5,1
644,1,5,144,5,5
645,1,5,145,5,6
646,1,5,146,5,4
647,1,5,147,5,6
648,1,5,148,5,2
649,1,5,149,5,3
650,1,5,150,5,3
651,1,5,151,5,5
652,1,6,152,6,2
653,1,5,153,5,1
654,1,5,154,5,3
655,1,5,155,5,6
656,1,5,156,5,4
657,1,5,157,5,3
658,1,5,158,5,5
659,1,5,159,5,5
660,1,5,160,5,2
661,1,5,161,5,2
662,1,5,162,5,6
663,1,5,163,5,2
664,1,5,164,5,4
665,1,5,165,5,6
666,1,5,166,5,1
667,1,4,167,4,5
668,1,4,168,4,5
669,1,4,169,4,4
670,291,2,2,2,6
671,1,6,170,6,4
672,1,4,171,4,2
673,1,6,172,6,4
674,1,6,173,6,2
675,1,6,174,6,1
676,1,6,175,6,5
677,1,6,176,6,3
678,1,2,177,2,5
679,1,6,178,6,1
680,1,4,179,4,5
681,1,4,180,4,5
682,291,2,2,2,5
683,291,2,2,2,6
684,1,6,181,6,5
685,1,6,182,6,4
686,1,4,183,4,2
687,291,2,2,2,6
688,1,5,184,5,3
689,1,5,185,5,1
690,1,2,186,2,3
691,1,6,187,6,4
692,1,4,188,4,5
693,1,4,189,4,5
694,1,4,190,4,2
695,1,4,191,4,3
696,1,4,192,4,2
697,1,6,193,6,4
698,1,6,194,6,6
699,1,6,195,6,1
700,291,2,2,2,4
701,1,6,196,6,1
702,1,5,197,5,5
703,1,5,198,5,6
704,1,5,199,5,6
705,1,5,200,5,2
706,1,4,201,4,6
707,1,5,202,5,5
708,1,5,203,5,3
709,1,5,204,5,3
710,1,5,205,5,2
711,1,5,206,5,3
712,1,5,207,5,5
713,1,5,208,5,6
714,1,5,209,5,5
715,1,5,210,5,2
716,1,5,211,5,1
717,1,6,212,6,2
718,1,6,213,6,6
719,1,5,214,5,6
720,1,5,215,5,2
721,1,5,216,5,6
722,26,5,5,5,2
723,26,5,5,5,6
724,1,1,217,1,2
725,1,6,218,6,5
726,1,6,219,6,5
727,291,2,2,2,6
728,291,2,2,2,3
729,1,1,220,4,2
730,1,4,221,4,5
731,291,2,2,2,4
732,291,2,2,2,5
733,291,2,2,2,3
734,291,2,2,2,3
735,291,2,2,2,2
736,1,6,222,6,4
737,291,2,2,2,5
738,1,5,223,5,2
739,1,2,224,2,5
740,1,6,225,6,2
741,1,5,226,5,1
742,26,5,5,5,3
743,26,5,5,5,5
744,1,2,227,2,2
745,1,5,228,5,4
746,1,6,229,6,1
747,291,2,2,2,6
748,1,6,230,6,5
749,1,6,231,6,1
750,1,6,232,6,2
751,1,6,233,6,2
752,1,2,234,2,2
753,1,2,235,2,6
754,291,2,2,2,1
755,1,6,236,6,6
756,1,5,237,5,4
757,1,5,238,5,1
758,1,4,239,4,3
759,1,6,240,6,3
760,1,5,241,5,5
761,1,5,242,5,6
762,1,5,243,5,2
763,1,2,244,2,3
764,1,5,245,5,5
765,1,5,246,5,5
766,1,5,247,5,3
767,291,2,2,2,4
768,124,1,1,1,4
769,1,6,248,6,6
770,1,5,249,5,6
771,1,5,250,5,1
772,1,5,251,5,5
773,1,5,252,5,6
774,1,6,253,6,1
775,1,2,254,6,3
776,1,5,255,5,1
777,1,6,256,6,5
778,291,2,2,2,3
779,1,5,257,5,2
780,1,5,258,5,1
781,1,6,259,6,1
782,1,6,260,6,4
783,1,5,261,5,1
784,291,2,2,2,1
785,1,4,262,4,5
786,124,1,1,1,6
787,291,2,2,2,3
788,291,2,2,2,4
789,291,2,2,2,2
790,291,2,2,2,3
791,1,6,263,6,2
792,1,5,264,5,3
793,1,5,265,5,2
794,1,5,266,5,6
795,1,5,267,5,6
796,1,5,268,5,1
797,1,4,269,4,5
798,1,5,270,5,5
799,1,5,271,5,5
800,1,5,272,5,4
801,1,5,273,5,1
802,1,4,274,4,4
803,1,5,275,5,5
804,1,5,276,5,4
805,1,6,277,6,1
806,1,6,278,6,4
807,1,6,279,6,3
808,1,2,280,2,2
809,1,6,281,6,1
810,1,5,282,5,3
811,26,5,5,5,1
812,1,5,283,5,4
813,1,5,284,5,6
814,1,5,285,5,1
815,1,2,286,2,1
816,291,2,2,2,4
817,1,6,287,6,4
818,291,2,2,2,4
819,1,6,288,6,2
820,1,3,289,4,5
821,1,5,290,5,5
822,1,6,291,5,4
823,1,5,292,5,3
824,1,5,293,5,1
825,1,5,294,5,6
826,1,6,295,6,5
827,1,4,296,4,6
828,1,5,297,5,3
829,1,5,298,5,5
830,1,5,299,5,6
831,1,5,300,5,4
832,1,5,301,5,6
833,1,1,302,2,3
834,1,4,303,4,1
835,1,4,304,4,1
836,26,5,5,5,5
837,1,5,305,5,6
838,1,5,306,5,6
839,1,2,307,2,2
840,1,5,308,5,6
841,1,2,309,2,6
842,1,4,310,4,4
843,1,6,311,6,6
844,1,5,312,5,4
845,1,4,313,4,5
846,1,4,314,4,3
847,1,2,315,2,2
848,1,2,316,2,4
849,1,6,317,6,3
850,1,6,318,6,6
851,291,2,2,2,6
852,1,6,319,6,1
853,1,5,320,5,2
854,1,5,321,5,4
855,291,2,2,2,1
856,1,5,322,5,4
857,1,5,323,5,5
858,1,6,324,6,3
859,1,6,325,6,1
860,1,6,326,6,2
861,1,6,327,6,6
862,1,2,328,2,3
863,1,5,329,5,1
864,1,5,330,5,4
865,1,5,331,5,5
866,1,5,332,5,1
867,1,6,333,6,4
868,1,6,334,6,5
869,1,5,335,5,6
870,1,5,336,5,2
871,1,5,337,5,3
872,1,5,338,5,1
873,1,5,339,5,3
874,124,1,1,1,1
875,1,5,340,5,6
876,1,5,341,5,5
877,1,5,342,5,4
878,1,5,343,5,4
879,26,5,5,5,4
880,1,2,344,2,6
881,1,5,345,5,3
882,26,5,5,5,2
883,1,4,346,4,5
884,1,4,347,4,4
885,1,4,348,4,1
886,1,4,349,4,1
887,1,2,350,2,5
888,1,4,351,4,5
889,1,2,352,2,6
890,291,2,2,2,1
891,1,6,353,6,5
892,291,2,2,2,2
893,1,4,354,4,1
894,1,4,355,4,1
895,1,6,356,6,4
896,1,6,357,6,5
897,1,6,358,6,2
898,1,6,359,6,2
899,1,6,360,6,5
900,1,4,361,4,1
901,1,4,362,4,6
902,1,4,363,4,5
903,1,4,364,4,5
904,1,4,365,4,1
905,1,2,366,6,3
906,291,2,2,2,3
907,1,6,367,6,4
908,1,6,368,6,2
909,1,6,369,6,6
910,1,6,370,6,1
911,1,6,371,6,3
912,1,5,372,5,4
913,1,5,373,5,5
914,1,5,374,5,5
915,1,6,375,6,3
916,1,6,376,6,6
917,1,5,377,5,6
918,1,6,378,6,6
919,1,5,379,5,3
920,1,5,380,5,4
921,1,5,381,5,1
922,1,5,382,5,6
923,1,5,383,5,6
924,1,6,384,6,1
925,1,6,385,6,1
926,1,6,386,6,3
927,1,6,387,6,4
928,1,6,388,6,4
929,1,6,389,6,5
930,1,6,390,6,3
931,1,6,391,6,4
932,1,6,392,6,1
933,1,5,393,5,5
934,1,5,394,5,2
935,1,5,395,5,6
936,26,5,5,5,4
937,1,5,396,5,3
938,1,6,397,6,1
939,1,5,398,5,4
940,1,6,399,5,2
941,1,2,400,2,5
942,1,5,401,5,1
943,1,4,402,4,2
944,1,5,403,5,4
945,1,5,404,5,3
946,1,5,405,5,5
947,1,5,406,5,2
948,1,5,407,5,3
949,1,5,408,5,3
950,1,6,409,6,2
951,1,5,410,5,6
952,1,5,411,5,3
953,1,6,412,6,2
954,1,6,413,6,5
955,1,6,414,6,4
956,1,5,415,5,6
957,1,5,416,5,1
958,1,5,417,5,6
959,1,5,418,5,2
960,1,5,419,5,3
961,1,5,420,5,3
962,1,5,421,5,3
963,1,5,422,5,1
964,1,2,423,4,5
965,1,5,424,5,2
966,1,5,425,5,4
967,1,5,426,5,3
968,1,5,427,5,2
969,1,5,428,5,4
970,1,6,429,6,5
971,1,6,430,6,6
972,1,6,431,6,5
973,291,2,2,2,4
974,1,2,432,2,3
975,291,2,2,2,1
976,1,2,433,2,4
977,1,2,434,2,1
978,26,5,5,5,5
979,26,5,5,5,6
980,1,6,435,6,1
981,1,5,436,5,4
982,1,5,437,5,1
983,1,6,438,6,1
984,1,5,439,5,1
985,1,6,440,6,6
986,1,5,441,5,2
987,1,2,442,2,1
988,1,6,443,6,2
989,1,5,444,5,5
990,1,5,445,5,1
991,1,6,446,6,4
992,291,2,2,2,3
993,1,6,447,6,1
994,1,5,448,5,6
995,1,2,449,2,3
996,1,6,450,6,5
997,1,6,451,6,1
998,1,6,452,6,4
999,291,2,2,2,1
1000,291,2,2,2,5
1001,291,2,2,2,6
1002,291,2,2,2,2
1003,1,5,453,5,4
1004,1,6,454,6,2
1005,1,6,455,6,4
1006,1,6,456,6,4
1007,1,6,457,6,3
1008,1,5,458,5,4
1009,1,5,459,5,2
1010,1,4,460,4,1
1011,1,5,461,5,6
1012,1,2,462,2,4
1013,1,5,463,5,2
1014,1,6,464,6,6
1015,1,5,465,5,3
1016,1,5,466,5,4
1017,1,5,467,5,6
1018,1,5,468,5,6
1019,1,6,469,6,3
1020,1,6,470,6,3
1021,1,6,471,6,6
1022,1,6,472,6,2
1023,1,6,473,6,5
1024,1,5,474,5,1
1025,1,5,475,5,1
1026,1,5,476,5,4
1027,1,5,477,5,5
1028,1,5,478,5,2
1029,1,5,479,5,6
1030,1,5,480,4,1
1031,1,2,481,6,1
1032,1,6,482,6,4
1033,1,6,483,6,1
1034,1,6,484,6,2
1035,1,6,485,6,1
1036,1,4,486,4,1
1037,1,4,487,4,3
1038,1,6,488,6,4
1039,1,2,489,2,1
1040,291,2,2,2,4
1041,291,2,2,2,1
1042,1,6,490,6,2
1043,1,4,491,4,6
1044,1,6,492,6,5
1045,1,5,493,5,3
1046,1,6,494,6,1
1047,1,5,495,5,4
1048,1,5,496,5,3
1049,1,5,497,5,1
1050,1,6,498,6,1
1051,1,6,499,6,2
1052,291,2,2,2,6
1053,1,5,500,5,2
1054,1,5,501,5,2
1055,1,5,502,5,3
1056,1,5,503,5,3
1057,1,5,504,5,2
1058,1,5,505,5,4
1059,1,5,506,5,2
1060,1,5,507,5,5
1061,1,2,508,6,5
1062,1,5,509,5,2
1063,1,5,510,5,2
1064,1,4,511,4,4
1065,1,5,512,5,5
1066,1,4,513,4,1
1067,1,4,514,4,4
1068,1,5,515,5,5
1069,26,5,5,5,1
1070,1,5,516,5,1
1071,1,5,517,5,2
1072,1,2,518,2,5
1073,1,4,519,4,6
1074,1,4,520,4,3
1075,1,6,521,6,3
1076,1,6,522,6,3
1077,1,5,523,5,4
1078,1,6,524,6,6
1079,1,5,525,5,1
1080,1,2,526,2,6
1081,1,6,527,6,3
1082,1,6,528,6,5
1083,1,5,529,5,1
1084,1,5,530,5,3
1085,1,5,531,5,1
1086,1,2,532,2,4
1087,1,2,533,2,2
1088,1,6,534,6,1
1089,1,5,535,5,4
1090,1,5,536,5,5
1091,291,2,2,2,5
1092,1,5,537,5,5
1093,1,5,538,5,6
1094,1,5,539,5,3
1095,1,5,540,5,3
1096,1,5,541,5,5
1097,1,5,542,5,1
1098,291,2,2,2,6
1099,1,2,543,2,5
1100,1,5,544,5,2
1101,1,5,545,5,5
1102,1,5,546,5,5
1103,1,5,547,5,2
1104,1,5,548,5,4
1105,1,5,549,5,4
1106,1,5,550,5,3
1107,1,5,551,5,2
1108,1,4,552,4,5
1109,1,4,553,4,5
1110,1,4,554,4,2
1111,1,5,555,5,2
1112,1,4,556,4,3
1113,1,5,557,5,3
1114,1,5,558,5,5
1115,1,5,559,5,1
1116,1,5,560,5,5
1117,1,5,561,5,6
1118,1,5,562,5,2
1119,1,5,563,5,2
1120,1,4,564,4,6
1121,1,4,565,4,2
1122,1,5,566,5,6
1123,1,5,567,5,2
1124,1,5,568,5,6
1125,1,6,569,6,1
1126,1,6,570,6,1
1127,1,6,571,6,4
1128,1,6,572,6,2
1129,1,6,573,6,4
1130,1,2,574,2,6
1131,1,6,575,6,1
1132,1,4,576,4,5
1133,1,6,577,6,6
1134,1,6,578,6,4
1135,1,6,579,6,2
1136,291,2,2,2,6
1137,1,6,580,6,2
1138,1,6,581,6,1
1139,1,6,582,6,6
1140,1,6,583,6,1
1141,291,2,2,2,4
1142,1,6,584,6,6
1143,291,2,2,2,3
1144,1,6,585,6,1
1145,291,2,2,2,3
1146,1,6,586,6,1
1147,1,6,587,6,2
1148,291,2,2,2,3
1149,291,2,2,2,1
1150,1,5,588,5,6
1151,1,5,589,5,3
1152,1,5,590,5,1
1153,1,5,591,5,6
1154,1,6,592,6,1
1155,1,5,593,5,1
1156,1,5,594,5,5
1157,1,5,595,5,4
1158,1,5,596,5,1
1159,1,5,597,5,6
1160,1,5,598,5,5
1161,1,5,599,5,3
1162,1,4,600,4,3
1163,1,4,601,4,5
1164,1,4,602,4,2
1165,1,4,603,4,5
1166,1,4,604,4,4
1167,1,5,605,5,6
1168,1,5,606,5,5
1169,1,4,607,4,5
1170,1,6,608,6,1
1171,1,5,609,5,4
1172,1,6,610,6,6
1173,1,6,611,6,6
1174,26,5,5,5,4
1175,1,5,612,5,3
1176,1,5,613,5,2
1177,1,5,614,5,5
1178,1,5,615,5,2
1179,26,5,5,5,3
1180,1,6,616,5,4
1181,1,5,617,5,2
1182,1,5,618,5,3
1183,1,5,619,5,4
1184,1,5,620,5,4
1185,1,5,621,5,5
1186,1,5,622,5,1
1187,1,5,623,5,5
1188,291,2,2,2,4
1189,1,6,624,6,3
1190,1,6,625,6,2
1191,1,6,626,6,5
1192,1,4,627,4,1
1193,1,5,628,5,5
1194,1,6,629,6,1
1195,1,6,630,6,1
1196,124,1,1,1,2
1197,1,6,631,6,2
1198,1,6,632,6,3
1199,291,2,2,2,4
1200,291,2,2,2,2
1201,1,6,633,6,3
1202,291,2,2,2,5
1203,1,6,634,6,3
1204,1,5,635,5,6
1205,1,6,636,6,2
1206,1,4,637,4,3
1207,1,6,638,6,4
1208,1,6,639,6,4
1209,1,5,640,5,3
1210,1,5,641,5,6
1211,1,5,642,5,6
1212,1,5,643,5,4
1213,1,5,644,5,1
1214,1,5,645,5,3
1215,1,5,646,5,6
1216,1,6,647,6,5
1217,1,6,648,6,2
1218,1,6,649,6,2
1219,1,5,650,5,3
1220,1,6,651,6,1
1221,1,6,652,6,4
1222,1,6,653,6,3
1223,1,6,654,6,3
1224,1,5,655,5,5
1225,1,5,656,5,2
1226,1,5,657,5,2
1227,291,2,2,2,2
1228,1,5,658,5,6
1229,1,5,659,5,2
1230,1,5,660,5,4
1231,1,5,661,5,5
1232,1,6,662,6,6
1233,1,5,663,5,5
1234,1,5,664,5,5
1235,1,5,665,5,3
1236,1,5,666,5,5
1237,1,5,667,5,3
1238,1,5,668,5,2
1239,1,5,669,5,4
1240,1,6,670,6,6
1241,1,6,671,6,1
1242,1,6,672,6,6
1243,1,1,673,1,3
1244,291,2,2,2,2
1245,1,6,674,6,2
1246,291,2,2,2,5
1247,1,2,675,2,5
1248,1,6,676,6,1
1249,291,2,2,2,4
1250,1,6,677,6,2
1251,1,6,678,6,5
1252,1,2,679,6,6
1253,291,2,2,2,6
1254,1,6,680,6,1
1255,1,6,681,6,2
1256,291,2,2,2,3
1257,1,6,682,6,6
1258,1,6,683,6,4
1259,1,5,684,5,5
1260,1,6,685,6,1
1261,1,5,686,5,1
1262,1,6,687,6,1
1263,1,5,688,5,2
1264,1,6,689,6,1
1265,1,5,690,5,4
1266,1,5,691,5,1
1267,1,5,692,5,3
1268,1,5,693,5,1
1269,1,5,694,5,3
1270,1,5,695,5,3
1271,1,5,696,5,6
1272,1,4,697,4,2
1273,1,5,698,5,4
1274,1,5,699,5,2
1275,1,5,700,5,1
1276,1,4,701,4,4
1277,1,4,702,4,6
1278,1,4,703,4,4
1279,26,5,5,5,2
1280,26,5,5,5,6
1281,1,5,704,5,1
1282,1,5,705,5,6
1283,1,5,706,5,3
1284,1,5,707,5,1
1285,1,6,708,6,4
1286,1,1,709,6,1
1287,124,1,1,1,4
1288,1,2,710,2,5
1289,1,6,711,6,4
1290,1,6,712,6,5
1291,1,6,713,6,4
1292,291,2,2,2,1
1293,1,6,714,6,4
1294,1,6,715,6,2
1295,1,6,716,6,5
1296,1,6,717,6,6
1297,1,1,718,1,4
1298,1,6,719,6,5
1299,1,6,720,6,4
1300,1,6,721,6,4
1301,1,6,722,6,3
1302,1,6,723,6,6
1303,1,6,724,6,4
1304,291,2,2,2,1
1305,1,4,725,4,6
1306,291,2,2,2,4
1307,291,2,2,2,5
1308,291,2,2,2,6
1309,1,6,726,6,3
1310,1,5,727,5,5
1311,26,5,5,5,5
1312,1,5,728,5,5
1313,1,5,729,5,6
1314,1,5,730,5,5
1315,1,5,731,5,4
1316,1,4,732,5,1
1317,1,4,733,5,4
1318,1,4,734,5,6
1319,1,4,735,5,6
1320,1,5,736,5,4
1321,1,6,737,6,4
1322,1,5,738,5,3
1323,1,5,739,5,1
1324,1,5,740,5,4
1325,1,6,741,6,4
1326,1,6,742,6,1
1327,1,6,743,6,5
1328,1,5,744,5,3
1329,1,6,745,6,5
1330,1,5,746,5,3
1331,1,5,747,5,2
1332,1,3,748,3,3
1333,1,5,749,5,6
1334,1,5,750,5,3
1335,1,6,751,6,3
1336,1,6,752,6,5
1337,1,5,753,5,6
1338,291,2,2,2,6
1339,1,6,754,6,1
1340,1,6,755,6,3
1341,291,2,2,2,6
1342,1,6,756,6,5
1343,1,6,757,6,4
1344,1,5,758,5,5
1345,1,5,759,5,1
1346,1,5,760,5,6
1347,1,6,761,6,2
1348,1,6,762,6,3
1349,1,6,763,6,2
1350,1,4,764,4,3
1351,291,2,2,2,3
1352,1,4,765,4,1
1353,1,5,766,5,6
1354,1,4,767,4,1
1355,1,5,768,5,3
1356,1,6,769,6,4
1357,1,6,770,6,2
1358,1,4,771,4,4
1359,1,4,772,4,4
1360,1,6,773,6,4
1361,1,6,774,6,5
1362,1,5,775,4,1
1363,1,5,776,4,2
1364,1,2,777,2,3
1365,1,4,778,4,1
1366,1,4,779,4,3
1367,1,5,780,5,4
1368,1,4,781,4,3
1369,1,4,782,4,3
1370,1,6,783,6,1
1371,1,6,784,6,6
1372,291,2,2,2,6
1373,1,6,785,6,6
1374,1,6,786,6,5
1375,1,6,787,6,2
1376,1,5,788,5,5
1377,1,5,789,5,4
1378,1,5,790,5,3
1379,1,5,791,5,1
1380,1,5,792,5,2
1381,1,5,793,5,1
1382,1,5,794,5,2
1383,1,5,795,5,5
1384,1,5,796,5,3
1385,1,5,797,5,1
1386,1,5,798,5,2
1387,1,5,799,5,6
1388,1,5,800,5,4
1389,1,5,801,5,6
1390,1,5,802,5,3
1391,1,5,803,5,2
1392,1,5,804,5,2
1393,1,5,805,5,3
1394,1,5,806,5,5
1395,1,4,807,4,3
1396,1,4,808,4,2
1397,1,5,809,5,3
1398,26,5,5,5,5
1399,1,4,810,4,1
1400,1,5,811,5,6
1401,1,5,812,5,1
1402,1,5,813,5,6
1403,1,5,814,5,2
1404,1,5,815,5,3
1405,1,5,816,5,4
1406,1,5,817,4,1
1407,1,5,818,4,5
1408,1,4,819,4,6
1409,1,5,820,4,2
1410,1,5,821,4,5
1411,1,5,822,4,3
1412,1,5,823,4,6
1413,1,5,824,4,4
1414,1,5,825,4,4
1415,1,5,826,4,3
1416,1,5,827,4,6
1417,1,5,828,4,6
1418,1,5,829,4,2
1419,1,5,830,4,5
1420,1,5,831,4,5
1421,1,5,832,4,2
1422,1,5,833,4,6
1423,1,5,834,4,5
1424,1,5,835,4,2
1425,1,5,836,4,4
1426,1,5,837,4,1
1427,1,5,838,4,6
1428,1,5,839,4,6
1429,1,6,840,4,5
1430,1,6,841,6,3
1431,1,6,842,6,2
1432,1,6,843,6,3
1433,1,6,844,6,4
1434,1,4,845,4,3
1435,1,4,846,4,1
1436,1,6,847,6,3
1437,1,6,848,6,2
1438,1,6,849,6,1
1439,1,6,850,6,1
1440,1,6,851,6,4
1441,1,5,852,5,4
1442,1,6,853,6,5
1443,291,2,2,2,5
1444,1,6,854,6,3
1445,1,5,855,5,3
1446,1,6,856,6,4
1447,1,5,857,5,5
1448,1,6,858,6,3
1449,1,5,859,5,1
1450,1,5,860,5,1
1451,1,5,861,5,2
1452,1,5,862,5,1
1453,1,5,863,5,5
1454,1,5,864,5,2
1455,1,5,865,5,5
1456,1,5,866,5,1
1457,1,5,867,5,3
1458,1,6,868,6,5
1459,1,5,869,5,5
1460,1,5,870,5,3
1461,1,2,871,2,6
1462,1,5,872,5,6
1463,1,6,873,6,4
1464,1,5,874,5,2
1465,1,5,875,5,6
1466,1,5,876,5,1
1467,1,5,877,5,6
1468,1,5,878,5,2
1469,1,6,879,6,6
1470,1,5,880,5,5
1471,1,5,881,5,6
1472,1,5,882,5,6
1473,1,5,883,5,3
1474,1,5,884,5,2
1475,1,5,885,5,4
1476,291,2,2,2,6
1477,1,5,886,5,4
1478,1,5,887,5,3
1479,291,2,2,2,6
1480,1,6,888,6,3
1481,1,4,889,4,6
1482,1,4,890,4,4
1483,1,4,891,4,5
1484,1,4,892,4,1
1485,1,4,893,4,4
1486,1,5,894,5,3
1487,1,5,895,5,4
1488,1,5,896,5,5
1489,1,6,897,6,3
1490,1,2,898,2,5
1491,1,2,899,2,5
1492,1,5,900,5,3
1493,1,6,901,6,6
1494,1,6,902,6,2
1495,1,6,903,6,4
1496,1,6,904,6,5
1497,1,5,905,5,4
1498,1,4,906,4,3
1499,1,5,907,5,1
1500,124,1,1,1,3
1501,291,2,2,2,5
1502,1,6,908,6,1
1503,1,1,909,1,1
1504,1,6,910,6,6
1505,1,6,911,6,2
1506,1,6,912,6,3
1507,291,2,2,2,2
1508,1,6,913,6,4
1509,1,6,914,6,6
1510,1,6,915,6,4
1511,1,6,916,6,5
1512,1,6,917,6,1
1513,1,2,918,2,3
1514,1,5,919,4,3
1515,1,5,920,4,5
1516,1,5,921,5,4
1517,1,5,922,5,3
1518,1,5,923,5,1
1519,1,5,924,5,5
1520,1,5,925,5,4
1521,1,4,926,4,4
1522,1,2,927,2,6
1523,1,5,928,4,1
1524,1,5,929,4,6
1525,1,5,930,5,1
1526,1,5,931,5,2
1527,1,5,932,5,6
1528,1,5,933,5,4
1529,1,6,934,6,4
1530,26,5,5,5,3
1531,1,2,935,2,5
1532,1,5,936,6,5
1533,1,5,937,5,5
1534,1,5,938,5,1
1535,1,5,939,5,3
1536,291,2,2,2,5
1537,291,2,2,2,4
1538,1,5,940,5,3
1539,1,4,941,4,1
1540,1,6,942,6,3
1541,1,6,943,6,1
1542,1,6,944,6,3
1543,26,5,5,5,2
1544,1,4,945,4,4
1545,1,5,946,5,4
1546,1,5,947,5,5
1547,1,5,948,5,2
1548,1,5,949,5,6
1549,26,5,5,5,6
1550,1,6,950,6,2
1551,1,6,951,6,4
1552,1,5,952,5,1
1553,1,6,953,6,3
1554,1,6,954,6,4
1555,1,6,955,6,4
1556,1,4,956,4,3
1557,1,4,957,4,3
1558,1,4,958,4,1
1559,1,5,959,5,2
1560,1,6,960,5,2
1561,1,5,961,5,2
1562,1,6,962,6,2
1563,1,6,963,6,5
1564,1,6,964,6,2
1565,1,5,965,5,4
1566,1,5,966,5,3
1567,1,6,967,6,1
1568,1,2,968,6,3
1569,1,6,969,6,4
1570,1,4,970,4,5
1571,1,5,971,5,5
1572,1,5,972,5,6
1573,1,6,973,6,1
1574,1,5,974,5,5
1575,1,5,975,5,5
1576,1,5,976,5,5
1577,1,5,977,5,5
1578,1,5,978,5,6
1579,1,5,979,5,3
1580,1,5,980,5,1
1581,1,5,981,5,6
1582,1,2,982,2,6
1583,1,5,983,5,2
1584,1,5,984,5,6
1585,1,5,985,5,3
1586,1,5,986,4,3
1587,1,4,987,4,2
1588,1,5,988,4,5
1589,1,4,989,4,6
1590,1,6,990,6,2
1591,291,2,2,2,5
1592,291,2,2,2,1
1593,1,2,991,2,2
1594,1,5,992,5,5
1595,1,2,993,2,5
1596,1,5,994,5,1
1597,1,6,995,6,3
1598,291,2,2,2,6
1599,1,6,996,6,4
1600,1,6,997,6,3
1601,1,6,998,6,1
1602,291,2,2,2,2
1603,291,2,2,2,5
1604,1,6,999,6,4
1605,1,5,1000,5,1
1606,1,6,1001,6,3
1607,291,2,2,2,4
1608,1,6,1002,6,3
1609,1,6,1003,6,2
1610,1,6,1004,6,3
1611,291,2,2,2,1
1612,291,2,2,2,1
1613,1,5,1005,5,3
1614,1,5,1006,5,4
1615,1,5,1007,5,5
1616,26,5,5,5,5
1617,1,5,1008,5,6
1618,1,6,1009,6,5
1619,291,2,2,2,5
1620,1,6,1010,6,3
1621,1,6,1011,5,4
1622,1,4,1012,4,4
1623,1,1,1013,1,2
1624,1,5,1014,5,2
1625,1,6,1015,5,1
1626,1,6,1016,6,1
1627,1,4,1017,4,1
1628,1,4,1018,4,1
1629,1,5,1019,5,2
1630,1,5,1020,4,4
1631,1,5,1021,4,4
1632,1,2,1022,4,5
1633,1,5,1023,5,5
1634,1,5,1024,5,2
1635,1,4,1025,4,6
1636,1,4,1026,4,3
1637,1,4,1027,4,2
1638,1,4,1028,4,6
1639,1,4,1029,4,2
1640,1,5,1030,5,5
1641,1,5,1031,5,5
1642,1,4,1032,4,3
1643,1,5,1033,5,3
1644,1,6,1034,6,5
1645,1,5,1035,5,6
1646,1,6,1036,6,5
1647,26,5,5,5,1
1648,291,2,2,2,4
1649,291,2,2,2,4
1650,291,2,2,2,2
1651,291,2,2,2,4
1652,1,6,1037,6,3
1653,1,6,1038,6,2
1654,1,4,1039,4,2
1655,1,4,1040,4,3
1656,491,3,3,3,5
1657,1,6,1041,6,5
1658,1,5,1042,5,2
1659,1,5,1043,5,6
1660,1,4,1044,4,6
1661,1,4,1045,4,6
1662,1,6,1046,6,6
1663,1,5,1047,5,5
1664,1,5,1048,5,2
1665,1,5,1049,5,3
1666,1,5,1050,5,6
1667,1,6,1051,6,6
1668,291,2,2,2,4
1669,1,5,1052,5,2
1670,1,5,1053,5,2
1671,1,6,1054,6,1
1672,1,6,1055,6,3
1673,1,6,1056,6,1
1674,1,6,1057,6,3
1675,291,2,2,2,5
1676,1,5,1058,5,2
1677,1,6,1059,6,1
1678,1,6,1060,6,2
1679,1,6,1061,6,2
1680,1,6,1062,6,5
1681,1,2,1063,2,1
1682,1,6,1064,6,1
1683,1,5,1065,5,5
1684,1,5,1066,5,3
1685,1,5,1067,5,4
1686,1,5,1068,5,4
1687,1,4,1069,4,3
1688,1,6,1070,6,2
1689,1,5,1071,5,2
1690,1,5,1072,5,4
1691,1,2,1073,2,5
1692,1,5,1074,5,3
1693,1,6,1075,6,5
1694,1,5,1076,5,2
1695,1,5,1077,5,5
1696,1,5,1078,5,4
1697,1,5,1079,5,2
1698,1,5,1080,5,3
1699,1,5,1081,5,1
1700,1,5,1082,5,2
1701,1,5,1083,5,2
1702,1,6,1084,6,4
1703,1,6,1085,6,3
1704,1,5,1086,5,4
1705,1,5,1087,5,3
1706,1,6,1088,6,4
1707,1,6,1089,6,6
1708,1,6,1090,6,6
1709,1,6,1091,6,2
1710,1,5,1092,5,4
1711,1,6,1093,6,1
1712,1,6,1094,6,5
1713,1,4,1095,4,6
1714,1,6,1096,6,4
1715,1,6,1097,6,3
1716,1,6,1098,6,4
1717,1,6,1099,6,3
1718,1,6,1100,6,6
1719,1,6,1101,6,6
1720,1,6,1102,6,4
1721,1,6,1103,6,1
1722,1,6,1104,6,3
1723,1,6,1105,6,3
1724,1,6,1106,6,1
1725,1,6,1107,6,2
1726,1,6,1108,6,4
1727,1,6,1109,6,1
1728,291,2,2,2,6
1729,291,2,2,2,6
1730,291,2,2,2,5
1731,1,6,1110,6,1
1732,1,6,1111,6,5
1733,1,6,1112,6,3
1734,1,4,1113,4,3
1735,1,6,1114,6,5
1736,1,6,1115,6,1
1737,1,5,1116,5,6
1738,1,5,1117,5,2
1739,1,5,1118,5,5
1740,1,6,1119,6,6
1741,1,6,1120,6,1
1742,1,5,1121,5,3
1743,1,5,1122,5,5
1744,1,4,1123,4,5
1745,1,5,1124,5,6
1746,1,5,1125,5,2
1747,1,5,1126,5,3
1748,1,4,1127,4,1
1749,1,4,1128,4,3
1750,1,5,1129,5,6
1751,1,5,1130,5,6
1752,1,5,1131,5,3
1753,1,5,1132,5,1
1754,1,5,1133,5,4
1755,1,5,1134,5,3
1756,1,4,1135,4,1
1757,1,5,1136,5,4
1758,1,5,1137,5,6
1759,1,5,1138,5,5
1760,1,6,1139,5,2
1761,1,5,1140,5,3
1762,1,5,1141,5,2
1763,1,5,1142,5,4
1764,1,6,1143,6,6
1765,1,6,1144,6,5
1766,1,2,1145,2,2
1767,1,2,1146,2,5
1768,1,6,1147,6,5
1769,1,6,1148,6,2
1770,1,5,1149,5,3
1771,1,5,1150,5,3
1772,1,4,1151,4,1
1773,1,4,1152,4,1
1774,1,4,1153,4,4
1775,1,4,1154,4,3
1776,1,6,1155,6,2
1777,1,6,1156,6,4
1778,1,6,1157,6,4
1779,1,6,1158,6,6
1780,1,6,1159,6,4
1781,124,1,1,1,2
1782,1,5,1160,5,4
1783,1,5,1161,5,2
1784,1,5,1162,5,3
1785,1,5,1163,5,4
1786,1,2,1164,2,6
1787,1,5,1165,5,6
1788,1,6,1166,6,4
1789,1,6,1167,5,2
1790,1,5,1168,5,2
1791,291,2,2,2,6
1792,1,2,1169,2,3
1793,1,5,1170,5,6
1794,1,5,1171,5,1
1795,1,6,1172,6,5
1796,1,6,1173,6,4
1797,1,6,1174,6,3
1798,1,6,1175,6,4
1799,1,5,1176,5,5
1800,1,6,1177,6,6
1801,1,6,1178,6,6
1802,1,6,1179,6,5
1803,1,6,1180,6,1
1804,1,5,1181,5,6
1805,1,5,1182,5,5
1806,26,5,5,5,2
1807,1,5,1183,5,6
1808,1,6,1184,6,3
1809,1,6,1185,6,4
1810,1,6,1186,6,3
1811,1,6,1187,6,2
1812,1,6,1188,6,2
1813,1,5,1189,5,2
1814,1,5,1190,5,1
1815,1,5,1191,5,6
1816,1,5,1192,5,6
1817,1,5,1193,5,2
1818,1,5,1194,5,5
1819,1,5,1195,5,1
1820,1,5,1196,4,6
1821,1,5,1197,5,5
1822,1,4,1198,4,6
1823,1,5,1199,5,5
1824,1,4,1200,4,5
1825,1,5,1201,5,3
1826,1,6,1202,6,2
1827,1,2,1203,6,3
1828,1,6,1204,5,5
1829,1,4,1205,4,4
1830,1,6,1206,6,6
1831,1,6,1207,6,3
1832,1,6,1208,6,6
1833,1,6,1209,6,1
1834,1,6,1210,6,5
1835,1,6,1211,6,3
1836,1,6,1212,6,4
1837,1,6,1213,6,5
1838,1,6,1214,6,2
1839,1,6,1215,6,6
1840,1,2,1216,2,1
1841,1,2,1217,2,5
1842,1,2,1218,2,1
1843,291,2,2,2,1
1844,1,5,1219,5,2
1845,1,6,1220,6,5
1846,1,6,1221,6,2
1847,1,6,1222,6,3
1848,1,6,1223,6,5
1849,1,5,1224,5,6
1850,1,5,1225,5,6
1851,1,4,1226,4,3
1852,1,5,1227,5,1
1853,1,6,1228,6,3
1854,1,6,1229,6,5
1855,291,2,2,2,2
1856,1,4,1230,4,3
1857,1,5,1231,5,6
1858,1,6,1232,5,4
1859,1,5,1233,5,5
1860,1,4,1234,4,4
1861,1,6,1235,6,4
1862,1,5,1236,5,1
1863,1,6,1237,6,4
1864,1,5,1238,5,3
1865,1,5,1239,5,4
1866,1,5,1240,5,3
1867,1,4,1241,5,2
1868,1,5,1242,5,5
1869,1,5,1243,5,2
1870,1,4,1244,2,6
1871,1,6,1245,6,5
1872,1,4,1246,4,2
1873,1,6,1247,6,5
1874,1,6,1248,6,4
1875,1,6,1249,6,4
1876,1,6,1250,6,5
1877,291,2,2,2,2
1878,1,6,1251,6,3
1879,1,6,1252,6,5
1880,1,6,1253,2,6
1881,1,6,1254,6,5
1882,1,6,1255,6,1
1883,1,6,1256,6,5
1884,1,4,1257,4,2
1885,1,4,1258,4,4
1886,1,4,1259,4,1
1887,1,4,1260,4,5
1888,1,4,1261,4,1
1889,1,4,1262,4,1
1890,1,4,1263,4,6
1891,1,4,1264,4,2
1892,1,4,1265,4,5
1893,1,4,1266,4,3
1894,1,4,1267,4,1
1895,1,4,1268,4,2
1896,1,4,1269,4,5
1897,1,1,1270,1,1
1898,1,4,1271,4,5
1899,1,4,1272,4,4
1900,1,4,1273,4,3
1901,1,4,1274,4,6
1902,1,4,1275,4,5
1903,1,4,1276,4,2
1904,1,4,1277,4,5
1905,1,4,1278,4,2
1906,1,4,1279,4,3
1907,1,4,1280,4,6
1908,1,4,1281,4,2
1909,1,4,1282,4,1
1910,1,4,1283,4,1
1911,1,4,1284,4,5
1912,1,4,1285,4,2
1913,1,4,1286,4,6
1914,1,4,1287,4,4
1915,1,4,1288,4,2
1916,1,4,1289,4,4
1917,1,4,1290,4,5
1918,1,4,1291,4,2
1919,1,4,1292,4,4
1920,1,4,1293,4,2
1921,1,4,1294,4,1
1922,1,4,1295,4,1
1923,1,4,1296,4,1
1924,1,4,1297,4,6
1925,1,4,1298,4,6
1926,1,4,1299,4,6
1927,1,4,1300,4,2
1928,1,4,1301,4,2
1929,1,4,1302,4,1
1930,1,4,1303,4,2
1931,1,4,1304,4,2
1932,1,4,1305,4,3
1933,1,4,1306,4,3
1934,1,4,1307,4,6
1935,1,4,1308,4,4
1936,1,4,1309,4,5
1937,1,4,1310,4,6
1938,1,4,1311,4,2
1939,1,4,1312,4,1
1940,1,4,1313,4,2
1941,1,4,1314,4,3
1942,1,4,1315,4,1
1943,1,4,1316,4,3
1944,1,4,1317,4,5
1945,1,4,1318,4,3
1946,1,4,1319,4,4
1947,1,4,1320,4,4
1948,1,4,1321,4,5
1949,1,4,1322,4,4
1950,1,4,1323,4,6
1951,1,4,1324,4,1
1952,1,4,1325,4,6
1953,1,4,1326,4,6
1954,1,4,1327,4,2
1955,1,4,1328,4,3
1956,1,4,1329,4,4
1957,1,4,1330,4,2
1958,1,4,1331,4,1
1959,1,4,1332,4,6
1960,1,4,1333,4,1
1961,1,4,1334,4,1
1962,1,4,1335,4,1
1963,1,4,1336,4,6
1964,1,4,1337,4,1
1965,1,4,1338,4,2
1966,1,4,1339,4,4
1967,1,4,1340,4,5
1968,1,4,1341,4,3
1969,1,4,1342,4,5
1970,1,4,1343,4,1
1971,1,4,1344,4,2
1972,1,4,1345,4,6
1973,1,4,1346,4,2
1974,1,4,1347,4,1
1975,1,4,1348,4,3
1976,1,4,1349,4,3
1977,1,4,1350,4,4
1978,1,4,1351,4,2
1979,1,4,1352,4,5
1980,1,4,1353,4,3
1981,1,4,1354,4,1
1982,1,4,1355,4,5
1983,1,4,1356,4,5
1984,1,4,1357,4,1
1985,1,4,1358,4,5
1986,1,4,1359,4,6
1987,1,4,1360,4,2
1988,1,4,1361,4,5
1989,1,4,1362,4,4
1990,1,4,1363,4,6
1991,1,4,1364,4,4
1992,1,4,1365,4,6
1993,1,4,1366,4,2
1994,1,4,1367,4,4
1995,1,4,1368,4,1
1996,1,4,1369,4,1
1997,1,4,1370,4,1
1998,1,4,1371,4,6
1999,1,4,1372,4,4
2000,1,4,1373,4,5
2001,1,4,1374,4,5
2002,1,4,1375,4,2
2003,1,4,1376,4,4
2004,1,4,1377,4,3
2005,1,4,1378,4,5
2006,1,4,1379,4,4
2007,1,4,1380,4,5
2008,1,4,1381,4,6
2009,1,4,1382,4,5
2010,1,4,1383,4,2
2011,1,4,1384,4,2
2012,1,4,1385,4,4
2013,1,4,1386,4,6
2014,1,4,1387,4,4
2015,1,4,1388,4,1
2016,1,4,1389,4,1
2017,1,4,1390,4,2
2018,1,4,1391,4,1
2019,1,4,1392,4,2
2020,1,4,1393,4,4
2021,1,4,1394,4,2
2022,1,4,1395,4,4
2023,1,4,1396,4,3
2024,1,4,1397,4,2
2025,124,1,1,1,1
2026,124,1,1,1,4
2027,124,1,1,1,6
2028,124,1,1,1,5
2029,291,2,2,2,6
2030,124,1,1,1,3
2031,124,1,1,1,4
2032,124,1,1,1,4
2033,124,1,1,1,5
2034,124,1,1,1,5
2035,124,1,1,1,4
2036,124,1,1,1,6
2037,124,1,1,1,4
2038,124,1,1,1,1
2039,124,1,1,1,5
2040,124,1,1,1,2
2041,124,1,1,1,6
2042,124,1,1,1,1
2043,124,1,1,1,2
2044,124,1,1,1,6
2045,124,1,1,1,4
2046,124,1,1,1,4
2047,124,1,1,1,2
2048,124,1,1,1,2
2049,124,1,1,1,1
2050,124,1,1,1,1
2051,1,1,1398,1,2
2052,124,1,1,1,1
2053,124,1,1,1,5
2054,124,1,1,1,1
2055,124,1,1,1,1
2056,124,1,1,1,1
2057,124,1,1,1,5
2058,124,1,1,1,6
2059,1,1,1399,1,2
2060,124,1,1,1,6
2061,124,1,1,1,1
2062,124,1,1,1,4
2063,124,1,1,1,3
2064,124,1,1,1,3
2065,124,1,1,1,4
2066,124,1,1,1,2
2067,124,1,1,1,1
2068,124,1,1,1,1
2069,124,1,1,1,6
2070,124,1,1,1,4
2071,124,1,1,1,6
2072,291,2,2,2,4
2073,1,6,1400,6,5
2074,1,6,1401,6,2
2075,124,1,1,1,3
2076,124,1,1,1,5
2077,124,1,1,1,6
2078,124,1,1,1,3
2079,124,1,1,1,1
2080,124,1,1,1,5
2081,124,1,1,1,4
2082,124,1,1,1,3
2083,124,1,1,1,3
2084,124,1,1,1,2
2085,124,1,1,1,3
2086,124,1,1,1,6
2087,124,1,1,1,5
2088,124,1,1,1,5
2089,124,1,1,1,1
2090,124,1,1,1,4
2091,124,1,1,1,6
2092,124,1,1,1,6
2093,124,1,1,1,1
2094,1,1,1402,1,5
2095,124,1,1,1,1
2096,124,1,1,1,2
2097,124,1,1,1,2
2098,124,1,1,1,4
2099,124,1,1,1,6
2100,124,1,1,1,5
2101,124,1,1,1,2
2102,124,1,1,1,2
2103,124,1,1,1,2
2104,124,1,1,1,5
2105,124,1,1,1,6
2106,124,1,1,1,4
2107,124,1,1,1,6
2108,124,1,1,1,2
2109,124,1,1,1,6
2110,124,1,1,1,2
2111,124,1,1,1,4
2112,124,1,1,1,2
2113,124,1,1,1,5
2114,124,1,1,1,6
2115,124,1,1,1,4
2116,124,1,1,1,6
2117,124,1,1,1,5
2118,124,1,1,1,1
2119,124,1,1,1,5
2120,124,1,1,1,1
2121,1,1,1403,1,1
2122,124,1,1,1,2
2123,124,1,1,1,5
2124,124,1,1,1,1
2125,124,1,1,1,4
2126,124,1,1,1,6
2127,124,1,1,1,6
2128,124,1,1,1,1
2129,124,1,1,1,3
2130,124,1,1,1,6
2131,124,1,1,1,4
2132,124,1,1,1,5
2133,124,1,1,1,5
2134,124,1,1,1,4
2135,124,1,1,1,5
2136,124,1,1,1,2
2137,124,1,1,1,4
2138,124,1,1,1,1
2139,291,2,2,2,6
2140,291,2,2,2,1
2141,291,2,2,2,2
2142,291,2,2,2,3
2143,291,2,2,2,6
2144,291,2,2,2,3
2145,291,2,2,2,3
2146,291,2,2,2,1
2147,291,2,2,2,6
2148,291,2,2,2,3
2149,291,2,2,2,6
2150,291,2,2,2,1
2151,291,2,2,2,2
2152,291,2,2,2,2
2153,291,2,2,2,1
2154,291,2,2,2,6
2155,291,2,2,2,5
2156,291,2,2,2,6
2157,291,2,2,2,5
2158,291,2,2,2,6
2159,291,2,2,2,2
2160,291,2,2,2,3
2161,291,2,2,2,1
2162,291,2,2,2,1
2163,291,2,2,2,1
2164,291,2,2,2,3
2165,291,2,2,2,2
2166,291,2,2,2,1
2167,291,2,2,2,3
2168,291,2,2,2,5
2169,291,2,2,2,5
2170,291,2,2,2,6
2171,291,2,2,2,1
2172,291,2,2,2,5
2173,291,2,2,2,5
2174,291,2,2,2,1
2175,291,2,2,2,3
2176,291,2,2,2,6
2177,291,2,2,2,1
2178,291,2,2,2,4
2179,291,2,2,2,6
2180,291,2,2,2,1
2181,291,2,2,2,5
2182,291,2,2,2,1
2183,291,2,2,2,6
2184,291,2,2,2,4
2185,291,2,2,2,1
2186,291,2,2,2,5
2187,291,2,2,2,1
2188,291,2,2,2,4
2189,291,2,2,2,3
2190,291,2,2,2,5
2191,291,2,2,2,6
2192,291,2,2,2,4
2193,291,2,2,2,4
2194,291,2,2,2,5
2195,291,2,2,2,2
2196,291,2,2,2,1
2197,291,2,2,2,3
2198,291,2,2,2,6
2199,291,2,2,2,2
2200,291,2,2,2,1
2201,291,2,2,2,5
2202,291,2,2,2,3
2203,291,2,2,2,2
2204,291,2,2,2,4
2205,291,2,2,2,3
2206,291,2,2,2,6
2207,1,6,1404,2,3
2208,291,2,2,2,1
2209,291,2,2,2,6
2210,291,2,2,2,4
2211,291,2,2,2,2
2212,291,2,2,2,4
2213,291,2,2,2,1
2214,1,1,1405,2,2
2215,291,2,2,2,1
2216,291,2,2,2,4
2217,124,1,1,1,5
2218,291,2,2,2,3
2219,291,2,2,2,6
2220,291,2,2,2,1
2221,291,2,2,2,2
2222,291,2,2,2,5
2223,291,2,2,2,3
2224,291,2,2,2,5
2225,291,2,2,2,3
2226,291,2,2,2,2
2227,291,2,2,2,6
2228,291,2,2,2,1
2229,291,2,2,2,4
2230,291,2,2,2,1
2231,291,2,2,2,1
2232,291,2,2,2,3
2233,291,2,2,2,1
2234,291,2,2,2,5
2235,124,1,1,1,2
2236,124,1,1,1,4
2237,124,1,1,1,5
2238,124,1,1,1,1
2239,291,2,2,2,2
2240,291,2,2,2,2
2241,291,2,2,2,3
2242,291,2,2,2,6
2243,291,2,2,2,5
2244,291,2,2,2,6
2245,291,2,2,2,6
2246,291,2,2,2,2
2247,291,2,2,2,1
2248,291,2,2,2,3
2249,291,2,2,2,3
2250,291,2,2,2,4
2251,291,2,2,2,6
2252,291,2,2,2,2
2253,291,2,2,2,5
2254,291,2,2,2,2
2255,291,2,2,2,5
2256,291,2,2,2,4
2257,291,2,2,2,2
2258,291,2,2,2,4
2259,291,2,2,2,6
2260,291,2,2,2,6
2261,124,1,1,1,4
2262,291,2,2,2,6
2263,291,2,2,2,1
2264,291,2,2,2,5
2265,291,2,2,2,4
2266,291,2,2,2,4
2267,291,2,2,2,2
2268,291,2,2,2,5
2269,291,2,2,2,4
2270,291,2,2,2,5
2271,1,1,1406,1,4
2272,1,1,1407,1,6
2273,291,2,2,2,6
2274,291,2,2,2,4
2275,291,2,2,2,1
2276,291,2,2,2,1
2277,291,2,2,2,4
2278,291,2,2,2,6
2279,1,1,1408,1,1
2280,291,2,2,2,3
2281,291,2,2,2,1
2282,1,1,1409,1,3
2283,291,2,2,2,3
2284,291,2,2,2,3
2285,291,2,2,2,3
2286,1,1,1410,1,2
2287,1,1,1411,1,3
2288,291,2,2,2,2
2289,291,2,2,2,4
2290,291,2,2,2,4
2291,291,2,2,2,3
2292,291,2,2,2,1
2293,291,2,2,2,4
2294,291,2,2,2,2
2295,291,2,2,2,6
2296,291,2,2,2,3
2297,291,2,2,2,2
2298,291,2,2,2,6
2299,291,2,2,2,5
2300,291,2,2,2,5
2301,291,2,2,2,5
2302,291,2,2,2,3
2303,291,2,2,2,5
2304,291,2,2,2,6
2305,291,2,2,2,3
2306,291,2,2,2,2
2307,291,2,2,2,5
2308,1,1,1412,1,6
2309,491,3,3,3,6
2310,291,2,2,2,6
2311,291,2,2,2,6
2312,291,2,2,2,3
2313,291,2,2,2,2
2314,291,2,2,2,4
2315,291,2,2,2,3
2316,291,2,2,2,1
2317,291,2,2,2,6
2318,291,2,2,2,5
2319,291,2,2,2,5
2320,291,2,2,2,1
2321,291,2,2,2,5
2322,1,1,1413,1,6
2323,291,2,2,2,6
2324,291,2,2,2,4
2325,291,2,2,2,1
2326,291,2,2,2,1
2327,291,2,2,2,4
2328,291,2,2,2,6
2329,291,2,2,2,2
2330,291,2,2,2,4
2331,291,2,2,2,5
2332,291,2,2,2,4
2333,291,2,2,2,2
2334,291,2,2,2,4
2335,1,1,1414,2,2
2336,291,2,2,2,6
2337,291,2,2,2,3
2338,291,2,2,2,2
2339,291,2,2,2,5
2340,291,2,2,2,3
