data_id,data_cnt,origin_vote,S_id,vote,random_label
1,44,1,1,1,17
2,1,18,26,18,18
3,1,24,27,24,13
4,37,3,4,4,1
5,17,21,8,8,18
6,86,8,7,7,21
7,67,11,11,11,16
8,1,25,28,25,2
9,37,3,4,4,9
10,1,25,29,25,17
11,1,13,30,9,19
12,86,8,7,7,1
13,1,7,31,9,12
14,1,18,32,18,10
15,1,24,33,24,17
16,1,25,34,25,24
17,1,24,35,24,25
18,1,23,36,22,1
19,42,6,6,6,17
20,1,18,37,18,18
21,43,5,5,5,23
22,63,16,20,20,13
23,1,17,38,19,24
24,42,6,6,6,15
25,42,6,6,6,15
26,1,18,39,18,10
27,42,6,6,6,12
28,1,18,40,18,20
29,1,24,41,9,11
30,63,16,20,20,25
31,1,24,42,24,5
32,86,8,7,7,21
33,1,24,43,24,4
34,43,5,5,5,4
35,1,19,44,21,14
36,1,23,45,22,18
37,43,5,5,5,10
38,53,22,21,21,4
39,43,5,5,5,20
40,86,8,7,7,19
41,1,17,46,19,17
42,1,17,47,19,24
43,67,11,11,11,24
44,1,24,48,24,2
45,1,21,49,23,18
46,43,5,5,5,7
47,1,12,50,16,21
48,1,25,51,25,25
49,86,8,7,7,22
50,1,11,52,11,1
51,1,12,53,16,6
52,1,24,54,24,22
53,1,14,55,15,15
54,1,24,56,24,3
55,1,24,57,17,1
56,1,24,58,16,2
57,75,9,10,10,14
58,1,12,59,16,19
59,1,24,60,24,21
60,1,12,61,16,22
61,67,11,11,11,15
62,43,5,5,5,8
63,43,5,5,5,11
64,43,5,5,5,20
65,32,25,25,25,2
66,1,23,62,22,15
67,1,21,63,23,4
68,1,17,64,19,7
69,86,8,7,7,23
70,1,18,65,18,17
71,1,19,66,23,15
72,1,3,67,4,3
73,75,9,10,10,3
74,42,6,6,6,7
75,56,14,15,15,4
76,75,9,10,10,12
77,53,22,21,21,8
78,1,2,68,3,16
79,53,22,21,21,17
80,42,6,6,6,11
81,11,13,9,9,7
82,56,14,15,15,17
83,1,15,69,14,24
84,42,6,6,6,2
85,63,16,20,20,10
86,86,8,7,7,1
87,32,25,25,25,1
88,67,11,11,11,2
89,33,20,17,17,6
90,1,20,70,17,23
91,1,13,71,9,5
92,1,19,72,10,21
93,1,20,73,17,17
94,63,16,20,20,13
95,1,17,74,19,10
96,86,8,7,7,8
97,1,20,75,17,9
98,1,21,76,8,2
99,1,20,77,17,7
100,1,21,78,8,6
101,1,21,79,8,19
102,1,15,80,14,12
103,1,19,81,12,11
104,86,8,7,7,12
105,1,13,82,9,21
106,1,17,83,19,24
107,56,14,15,15,21
108,43,5,5,5,12
109,1,17,84,19,4
110,86,8,7,7,7
111,33,20,17,17,13
112,1,12,85,16,21
113,1,24,86,17,24
114,23,4,13,13,6
115,1,22,87,21,13
116,1,24,88,24,17
117,1,12,89,16,19
118,1,22,90,21,12
119,43,5,5,5,8
120,56,14,15,15,2
121,86,8,7,7,17
122,53,22,21,21,6
123,86,8,7,7,25
124,32,25,25,25,7
125,1,17,91,19,15
126,1,17,92,19,3
127,19,23,22,22,10
128,75,9,10,10,17
129,1,14,93,13,18
130,75,9,10,10,12
131,86,8,7,7,21
132,19,23,22,22,25
133,1,15,94,14,3
134,1,18,95,18,20
135,1,21,96,8,3
136,1,12,97,16,24
137,1,9,98,10,21
138,17,21,8,8,4
139,1,17,99,19,13
140,86,8,7,7,17
141,1,15,100,14,17
142,86,8,7,7,18
143,1,24,101,24,4
144,67,11,11,11,24
145,86,8,7,7,7
146,1,17,102,19,15
147,1,21,103,23,22
148,1,13,104,9,18
149,1,13,105,9,23
150,37,3,4,4,7
151,19,23,22,22,3
152,1,21,106,23,20
153,43,5,5,5,24
154,86,8,7,7,18
155,1,16,107,20,15
156,1,10,108,2,25
157,1,21,109,23,24
158,63,16,20,20,2
159,1,10,110,2,3
160,1,18,111,24,7
161,1,20,112,22,8
162,1,18,113,18,22
163,1,15,114,14,9
164,1,17,115,19,4
165,1,13,116,9,3
166,43,5,5,5,1
167,1,17,117,19,1
168,1,20,118,17,25
169,1,24,119,24,15
170,1,13,120,9,21
171,1,17,121,19,25
172,1,20,122,17,12
173,1,13,123,9,20
174,1,18,124,18,25
175,1,18,125,18,19
176,1,20,126,17,10
177,1,2,127,11,10
178,1,2,128,3,3
179,33,20,17,17,22
180,1,6,129,6,9
181,1,19,130,23,4
182,67,11,11,11,6
183,1,15,131,14,1
184,42,6,6,6,13
185,33,20,17,17,9
186,1,2,132,3,6
187,1,10,133,2,3
188,1,15,134,14,15
189,1,17,135,22,25
190,86,8,7,7,22
191,1,23,136,22,18
192,1,18,137,18,21
193,67,11,11,11,12
194,75,9,10,10,11
195,1,22,138,21,4
196,63,16,20,20,2
197,19,23,22,22,1
198,1,18,139,18,15
199,1,17,140,19,13
200,1,2,141,3,18
201,1,10,142,2,1
202,63,16,20,20,16
203,1,17,143,19,1
204,1,4,144,13,16
205,43,5,5,5,17
206,63,16,20,20,22
207,53,22,21,21,3
208,86,8,7,7,10
209,32,25,25,25,20
210,1,17,145,19,12
211,1,20,146,7,25
212,1,24,147,24,21
213,1,17,148,19,19
214,67,11,11,11,3
215,1,18,149,18,12
216,42,6,6,6,11
217,67,11,11,11,25
218,1,21,150,6,25
219,86,8,7,7,9
220,1,13,151,9,25
221,1,17,152,19,6
222,1,15,153,14,9
223,1,10,154,2,18
224,1,10,155,2,24
225,42,6,6,6,13
226,1,10,156,2,1
227,86,8,7,7,19
228,1,18,157,18,25
229,86,8,7,7,24
230,75,9,10,10,6
231,1,23,158,22,18
232,1,25,159,25,7
233,1,19,160,23,11
234,1,17,161,19,24
235,43,5,5,5,1
236,86,8,7,7,9
237,1,23,162,22,2
238,75,9,10,10,17
239,1,24,163,24,21
240,1,24,164,24,11
241,67,11,11,11,13
242,53,22,21,21,21
243,1,24,165,24,12
244,1,19,166,23,24
245,56,14,15,15,22
246,1,24,167,24,9
247,67,11,11,11,7
248,1,25,168,25,6
249,43,5,5,5,10
250,37,3,4,4,14
251,42,6,6,6,17
252,1,21,169,8,25
253,63,16,20,20,5
254,37,3,4,4,2
255,32,25,25,25,20
256,1,2,170,3,10
257,42,6,6,6,13
258,1,9,171,10,1
259,1,22,172,21,12
260,9,18,18,18,18
261,1,17,173,19,20
262,86,8,7,7,21
263,43,5,5,5,11
264,1,23,174,18,20
265,1,2,175,3,22
266,1,2,176,3,5
267,1,17,177,19,6
268,42,6,6,6,24
269,53,22,21,21,11
270,1,2,178,3,19
271,1,21,179,8,5
272,1,25,180,25,21
273,1,2,181,3,18
274,67,11,11,11,4
275,67,11,11,11,8
276,1,2,182,3,9
277,1,17,183,19,19
278,1,20,184,17,8
279,43,5,5,5,3
280,1,2,185,3,20
281,67,11,11,11,19
282,67,11,11,11,7
283,1,2,186,3,25
284,56,14,15,15,7
285,56,14,15,15,16
286,1,18,187,18,25
287,1,6,188,6,19
288,1,17,189,19,15
289,43,5,5,5,8
290,1,23,190,22,21
291,1,20,191,7,23
292,1,4,192,13,24
293,75,9,10,10,5
294,1,12,193,4,12
295,1,18,194,18,6
296,1,24,195,24,15
297,1,20,196,17,24
298,43,5,5,5,24
299,1,13,197,9,3
300,86,8,7,7,16
301,1,15,198,14,14
302,1,14,199,15,16
303,1,18,200,18,23
304,63,16,20,20,20
305,1,19,201,12,8
306,86,8,7,7,25
307,43,5,5,5,14
308,1,17,202,19,14
309,1,6,203,6,14
310,56,14,15,15,10
311,86,8,7,7,22
312,86,8,7,7,1
313,75,9,10,10,16
314,42,6,6,6,22
315,1,23,204,18,2
316,11,13,9,9,4
317,11,13,9,9,24
318,86,8,7,7,1
319,11,13,9,9,12
320,1,19,205,23,10
321,1,19,206,23,14
322,32,25,25,25,4
323,1,25,207,25,5
324,23,4,13,13,17
325,11,13,9,9,7
326,1,17,208,19,23
327,1,17,209,19,3
328,11,13,9,9,17
329,67,11,11,11,5
330,75,9,10,10,17
331,1,21,210,8,24
332,23,4,13,13,17
333,43,5,5,5,13
334,1,13,211,9,4
335,75,9,10,10,6
336,75,9,10,10,2
337,32,25,25,25,20
338,56,14,15,15,12
339,1,4,212,13,18
340,11,13,9,9,9
341,1,23,213,4,6
342,32,25,25,25,10
343,1,17,214,19,6
344,1,18,215,18,4
345,75,9,10,10,11
346,1,20,216,17,11
347,11,13,9,9,1
348,11,13,9,9,14
349,63,16,20,20,13
350,32,25,25,25,10
351,1,24,217,24,20
352,86,8,7,7,15
353,32,25,25,25,3
354,23,4,13,13,11
355,32,25,25,25,14
356,32,25,25,25,23
357,67,11,11,11,15
358,32,25,25,25,10
359,1,4,218,13,11
360,56,14,15,15,16
361,23,4,13,13,3
362,1,23,219,22,6
363,67,11,11,11,25
364,33,20,17,17,9
365,1,24,220,24,4
366,1,24,221,23,5
367,75,9,10,10,7
368,43,5,5,5,22
369,63,16,20,20,3
370,63,16,20,20,11
371,56,14,15,15,17
372,56,14,15,15,2
373,86,8,7,7,6
374,37,3,4,4,9
375,1,24,222,24,6
376,32,25,25,25,4
377,32,25,25,25,3
378,23,4,13,13,21
379,33,20,17,17,3
380,1,24,223,24,6
381,1,20,224,17,5
382,1,20,225,7,20
383,17,21,8,8,13
384,1,20,226,7,3
385,1,23,227,22,10
386,1,22,228,20,5
387,1,24,229,23,1
388,1,17,230,19,12
389,1,25,231,25,25
390,1,18,232,18,1
391,63,16,20,20,2
392,63,16,20,20,9
393,1,23,233,22,3
394,33,20,17,17,12
395,42,6,6,6,22
396,17,21,8,8,22
397,63,16,20,20,24
398,1,6,234,6,21
399,86,8,7,7,9
400,42,6,6,6,2
401,44,1,1,1,23
402,1,13,235,9,5
403,53,22,21,21,19
404,1,12,236,16,2
405,1,21,237,8,9
406,63,16,20,20,19
407,32,25,25,25,25
408,44,1,1,1,4
409,67,11,11,11,23
410,1,25,238,25,21
411,32,25,25,25,2
412,1,17,239,19,9
413,1,13,240,9,5
414,32,25,25,25,14
415,1,13,241,9,8
416,42,6,6,6,9
417,1,18,242,18,15
418,1,20,243,17,6
419,1,23,244,22,7
420,1,23,245,22,23
421,1,23,246,22,24
422,1,23,247,22,22
423,1,14,248,15,15
424,75,9,10,10,3
425,37,3,4,4,16
426,37,3,4,4,22
427,75,9,10,10,17
428,56,14,15,15,10
429,1,23,249,22,8
430,23,4,13,13,6
431,1,23,250,22,23
432,1,23,251,22,8
433,1,2,252,3,11
434,37,3,4,4,14
435,37,3,4,4,24
436,42,6,6,6,22
437,1,14,253,15,13
438,1,25,254,25,12
439,42,6,6,6,14
440,1,12,255,4,1
441,53,22,21,21,22
442,1,25,256,25,8
443,42,6,6,6,24
444,1,20,257,17,8
445,1,17,258,19,14
446,1,13,259,9,23
447,53,22,21,21,7
448,33,20,17,17,9
449,32,25,25,25,2
450,1,23,260,22,4
451,43,5,5,5,14
452,1,12,261,16,20
453,1,21,262,8,22
454,43,5,5,5,11
455,1,12,263,16,25
456,1,24,264,24,19
457,1,24,265,23,12
458,56,14,15,15,1
459,1,2,266,11,23
460,1,12,267,16,13
461,53,22,21,21,1
462,53,22,21,21,13
463,1,2,268,3,19
464,1,24,269,24,19
465,23,4,13,13,21
466,86,8,7,7,4
467,1,22,270,21,5
468,43,5,5,5,7
469,56,14,15,15,5
470,75,9,10,10,11
471,67,11,11,11,3
472,67,11,11,11,9
473,63,16,20,20,14
474,23,4,13,13,14
475,23,4,13,13,20
476,67,11,11,11,17
477,1,21,271,8,6
478,1,2,272,11,2
479,75,9,10,10,12
480,1,11,273,11,24
481,75,9,10,10,4
482,1,2,274,11,10
483,75,9,10,10,12
484,1,17,275,19,25
485,33,20,17,17,5
486,63,16,20,20,10
487,67,11,11,11,8
488,75,9,10,10,2
489,56,14,15,15,1
490,1,16,276,20,20
491,32,25,25,25,17
492,1,22,277,21,24
493,1,18,278,18,20
494,1,22,279,21,5
495,1,21,280,8,2
496,56,14,15,15,1
497,1,13,281,9,1
498,1,15,282,14,8
499,1,20,283,7,18
500,1,17,284,19,6
501,1,24,285,24,25
502,37,3,4,4,16
503,1,17,286,19,18
504,1,2,287,11,15
505,1,13,288,9,24
506,53,22,21,21,7
507,86,8,7,7,9
508,1,21,289,23,1
509,42,6,6,6,14
510,1,18,290,18,8
511,1,10,291,2,13
512,1,18,292,18,2
513,1,10,293,2,23
514,1,23,294,22,6
515,42,6,6,6,16
516,1,10,295,2,13
517,75,9,10,10,21
518,63,16,20,20,22
519,1,24,296,24,14
520,23,4,13,13,7
521,1,15,297,14,2
522,23,4,13,13,1
523,1,23,298,22,16
524,1,22,299,21,22
525,1,24,300,24,16
526,1,19,301,23,10
527,56,14,15,15,14
528,1,22,302,23,8
529,1,24,303,24,7
530,1,17,304,19,16
531,56,14,15,15,24
532,1,8,305,7,2
533,75,9,10,10,23
534,86,8,7,7,1
535,1,24,306,24,1
536,1,11,307,11,19
537,1,23,308,22,13
538,1,2,309,11,13
539,67,11,11,11,6
540,1,7,310,24,18
541,1,23,311,22,5
542,67,11,11,11,3
543,1,20,312,17,17
544,1,22,313,21,13
545,23,4,13,13,2
546,1,18,314,18,20
547,1,12,315,16,25
548,86,8,7,7,18
549,63,16,20,20,19
550,1,7,316,12,19
551,43,5,5,5,17
552,37,3,4,4,10
553,32,25,25,25,18
554,1,15,317,14,1
555,1,23,318,22,6
556,43,5,5,5,19
557,86,8,7,7,25
558,1,2,319,3,20
559,1,2,320,3,3
560,1,15,321,14,6
561,1,2,322,3,23
562,1,12,323,16,11
563,1,24,324,24,10
564,32,25,25,25,13
565,1,22,325,21,25
566,53,22,21,21,18
567,1,25,326,25,16
568,86,8,7,7,25
569,1,17,327,19,23
570,1,6,328,6,13
571,1,10,329,13,21
572,1,13,330,9,2
573,1,10,331,13,10
574,9,18,18,18,22
575,33,20,17,17,22
576,75,9,10,10,21
577,1,10,332,13,24
578,1,4,333,13,2
579,1,21,334,8,25
580,1,24,335,24,12
581,42,6,6,6,2
582,42,6,6,6,25
583,42,6,6,6,13
584,42,6,6,6,4
585,63,16,20,20,22
586,1,23,336,22,22
587,1,17,337,19,24
588,42,6,6,6,9
589,1,17,338,19,3
590,42,6,6,6,18
591,1,18,339,18,13
592,1,14,340,15,3
593,1,22,341,21,23
594,1,12,342,16,2
595,1,14,343,15,14
596,1,18,344,18,12
597,53,22,21,21,10
598,1,20,345,22,11
599,9,18,18,18,3
600,42,6,6,6,8
601,63,16,20,20,2
602,42,6,6,6,21
603,1,14,346,15,6
604,42,6,6,6,10
605,42,6,6,6,22
606,63,16,20,20,15
607,1,5,347,5,8
608,1,13,348,9,13
609,1,22,349,21,21
610,86,8,7,7,12
611,1,22,350,21,20
612,23,4,13,13,12
613,56,14,15,15,23
614,67,11,11,11,12
615,1,24,351,24,19
616,1,24,352,24,7
617,1,24,353,24,5
618,1,19,354,23,4
619,1,9,355,10,24
620,1,12,356,16,3
621,43,5,5,5,2
622,1,5,357,5,1
623,43,5,5,5,24
624,1,17,358,22,8
625,1,23,359,22,21
626,1,23,360,22,8
627,1,12,361,16,12
628,1,5,362,5,20
629,1,17,363,19,12
630,1,21,364,23,23
631,1,9,365,10,5
632,56,14,15,15,3
633,1,5,366,5,7
634,43,5,5,5,4
635,56,14,15,15,2
636,56,14,15,15,20
637,56,14,15,15,13
638,1,25,367,25,3
639,56,14,15,15,21
640,56,14,15,15,11
641,86,8,7,7,25
642,75,9,10,10,17
643,33,20,17,17,1
644,1,13,368,9,19
645,42,6,6,6,10
646,56,14,15,15,4
647,1,24,369,24,8
648,1,25,370,25,18
649,1,16,371,20,9
650,56,14,15,15,3
651,1,11,372,11,14
652,1,18,373,18,1
653,1,13,374,9,25
654,33,20,17,17,3
655,1,22,375,21,13
656,56,14,15,15,2
657,63,16,20,20,11
658,67,11,11,11,8
659,23,4,13,13,25
660,1,13,376,9,9
661,86,8,7,7,19
662,1,18,377,18,20
663,1,15,378,14,11
664,1,13,379,9,5
665,1,15,380,14,21
666,1,18,381,18,15
667,1,24,382,24,25
668,1,18,383,18,4
669,1,17,384,19,6
670,1,18,385,18,5
671,23,4,13,13,2
672,1,10,386,13,17
673,1,5,387,5,13
674,1,5,388,5,1
675,86,8,7,7,10
676,33,20,17,17,20
677,33,20,17,17,21
678,1,12,389,16,23
679,1,24,390,23,19
680,1,21,391,23,12
681,63,16,20,20,10
682,1,12,392,16,6
683,1,21,393,8,25
684,1,7,394,12,14
685,56,14,15,15,12
686,43,5,5,5,8
687,43,5,5,5,4
688,44,1,1,1,1
689,1,5,395,5,20
690,67,11,11,11,9
691,1,24,396,24,23
692,1,25,397,25,5
693,44,1,1,1,11
694,33,20,17,17,9
695,75,9,10,10,9
696,67,11,11,11,4
697,1,12,398,16,12
698,1,21,399,23,1
699,43,5,5,5,1
700,75,9,10,10,5
701,44,1,1,1,5
702,1,23,400,22,10
703,23,4,13,13,2
704,23,4,13,13,5
705,43,5,5,5,1
706,1,5,401,5,2
707,1,12,402,16,12
708,1,12,403,16,5
709,75,9,10,10,8
710,56,14,15,15,7
711,86,8,7,7,18
712,1,18,404,18,16
713,44,1,1,1,9
714,37,3,4,4,2
715,1,15,405,14,8
716,37,3,4,4,16
717,1,17,406,19,2
718,1,16,407,23,3
719,56,14,15,15,16
720,1,18,408,18,8
721,86,8,7,7,18
722,1,14,409,15,6
723,56,14,15,15,15
724,44,1,1,1,6
725,1,20,410,17,17
726,1,15,411,14,16
727,11,13,9,9,20
728,75,9,10,10,11
729,1,13,412,9,5
730,75,9,10,10,23
731,32,25,25,25,9
732,75,9,10,10,11
733,75,9,10,10,21
734,75,9,10,10,9
735,44,1,1,1,23
736,1,13,413,9,1
737,1,18,414,18,24
738,1,18,415,18,2
739,1,10,416,13,1
740,37,3,4,4,12
741,1,3,417,4,18
742,1,13,418,9,12
743,1,18,419,18,16
744,37,3,4,4,1
745,37,3,4,4,6
746,1,15,420,19,3
747,53,22,21,21,4
748,56,14,15,15,3
749,1,15,421,14,14
750,1,21,422,8,23
751,1,15,423,14,7
752,33,20,17,17,5
753,63,16,20,20,9
754,53,22,21,21,2
755,1,23,424,22,3
756,1,24,425,24,19
757,32,25,25,25,3
758,1,23,426,22,7
759,1,21,427,8,6
760,56,14,15,15,7
761,67,11,11,11,22
762,1,25,428,25,6
763,1,7,429,12,4
764,1,21,430,23,22
765,56,14,15,15,7
766,44,1,1,1,24
767,1,24,431,24,21
768,17,21,8,8,16
769,1,23,432,22,8
770,75,9,10,10,23
771,1,13,433,9,18
772,33,20,17,17,11
773,75,9,10,10,19
774,1,23,434,22,19
775,1,18,435,18,10
776,43,5,5,5,15
777,1,21,436,8,9
778,1,15,437,14,24
779,1,10,438,13,20
780,1,15,439,14,20
781,1,24,440,24,1
782,1,18,441,18,9
783,1,15,442,14,10
784,53,22,21,21,9
785,1,19,443,23,24
786,63,16,20,20,2
787,19,23,22,22,23
788,19,23,22,22,12
789,53,22,21,21,17
790,1,10,444,13,13
791,1,17,445,19,18
792,44,1,1,1,17
793,19,23,22,22,19
794,19,23,22,22,23
795,53,22,21,21,25
796,53,22,21,21,1
797,63,16,20,20,13
798,53,22,21,21,23
799,43,5,5,5,18
800,23,4,13,13,20
801,1,21,446,23,10
802,53,22,21,21,25
803,43,5,5,5,6
804,1,18,447,18,18
805,75,9,10,10,8
806,1,17,448,19,7
807,1,13,449,9,21
808,1,13,450,9,14
809,1,18,451,18,14
810,53,22,21,21,20
811,9,18,18,18,6
812,1,18,452,18,11
813,1,18,453,18,25
814,1,10,454,2,14
815,1,17,455,19,12
816,1,10,456,2,2
817,1,14,457,15,24
818,1,17,458,19,9
819,1,17,459,19,12
820,1,12,460,16,20
821,1,12,461,16,10
822,43,5,5,5,19
823,1,12,462,16,5
824,1,24,463,24,1
825,1,7,464,12,17
826,44,1,1,1,8
827,44,1,1,1,11
828,1,12,465,16,7
829,42,6,6,6,20
830,44,1,1,1,17
831,1,12,466,16,11
832,63,16,20,20,21
833,1,5,467,5,20
834,1,14,468,15,20
835,1,21,469,8,1
836,1,2,470,11,16
837,1,2,471,3,17
838,44,1,1,1,19
839,1,19,472,23,22
840,1,10,473,13,8
841,1,21,474,23,18
842,53,22,21,21,9
843,1,15,475,14,13
844,1,18,476,9,1
845,86,8,7,7,9
846,53,22,21,21,14
847,53,22,21,21,12
848,37,3,4,4,2
849,37,3,4,4,23
850,86,8,7,7,6
851,63,16,20,20,22
852,1,7,477,12,12
853,63,16,20,20,17
854,67,11,11,11,19
855,75,9,10,10,9
856,63,16,20,20,16
857,33,20,17,17,16
858,63,16,20,20,16
859,1,6,478,6,15
860,1,18,479,18,14
861,53,22,21,21,15
862,1,13,480,9,10
863,1,16,481,23,1
864,1,17,482,19,8
865,53,22,21,21,6
866,1,17,483,19,25
867,63,16,20,20,8
868,1,10,484,13,15
869,1,24,485,24,8
870,1,6,486,6,20
871,1,21,487,8,8
872,1,10,488,2,12
873,75,9,10,10,12
874,53,22,21,21,13
875,1,17,489,19,17
876,1,23,490,22,24
877,1,10,491,2,21
878,1,13,492,9,23
879,1,17,493,19,9
880,1,17,494,19,10
881,63,16,20,20,19
882,9,18,18,18,13
883,1,17,495,19,25
884,86,8,7,7,4
885,63,16,20,20,5
886,1,14,496,8,22
887,56,14,15,15,19
888,67,11,11,11,19
889,67,11,11,11,1
890,1,18,497,18,16
891,1,24,498,24,7
892,1,14,499,15,23
893,1,17,500,19,24
894,1,24,501,23,14
895,75,9,10,10,7
896,56,14,15,15,14
897,1,15,502,14,19
898,1,21,503,8,16
899,1,5,504,5,2
900,1,2,505,11,10
901,1,14,506,15,1
902,1,15,507,14,22
903,1,15,508,14,2
904,63,16,20,20,25
905,44,1,1,1,24
906,75,9,10,10,22
907,53,22,21,21,21
908,1,25,509,25,21
909,86,8,7,7,15
910,56,14,15,15,24
911,86,8,7,7,1
912,86,8,7,7,16
913,53,22,21,21,13
914,53,22,21,21,10
915,1,23,510,22,8
916,37,3,4,4,25
917,1,15,511,14,16
918,75,9,10,10,4
919,1,16,512,20,20
920,1,25,513,25,25
921,1,2,514,3,2
922,1,2,515,3,10
923,1,21,516,23,12
924,1,10,517,2,8
925,33,20,17,17,2
926,1,2,518,11,24
927,44,1,1,1,21
928,1,15,519,14,18
929,1,17,520,19,5
930,1,15,521,14,19
931,53,22,21,21,19
932,9,18,18,18,14
933,1,20,522,6,13
934,86,8,7,7,21
935,1,13,523,9,2
936,1,13,524,9,11
937,1,13,525,9,12
938,1,13,526,9,4
939,86,8,7,7,6
940,63,16,20,20,8
941,63,16,20,20,8
942,1,6,527,6,2
943,1,17,528,19,2
944,23,4,13,13,21
945,1,7,529,12,1
946,67,11,11,11,21
947,67,11,11,11,7
948,1,11,530,11,22
949,1,15,531,14,8
950,53,22,21,21,21
951,53,22,21,21,8
952,56,14,15,15,14
953,1,25,532,25,24
954,1,23,533,22,10
955,1,21,534,8,12
956,1,24,535,23,24
957,1,23,536,22,5
958,67,11,11,11,13
959,1,24,537,24,14
960,1,24,538,24,25
961,1,2,539,3,11
962,56,14,15,15,17
963,1,21,540,23,24
964,53,22,21,21,20
965,1,22,541,21,3
966,1,15,542,14,12
967,75,9,10,10,18
968,1,16,543,20,8
969,32,25,25,25,15
970,75,9,10,10,22
971,63,16,20,20,16
972,1,7,544,12,7
973,1,18,545,18,1
974,1,18,546,18,10
975,75,9,10,10,10
976,1,10,547,2,8
977,33,20,17,17,7
978,33,20,17,17,3
979,56,14,15,15,1
980,86,8,7,7,4
981,1,23,548,22,20
982,1,20,549,22,5
983,1,23,550,22,3
984,1,23,551,22,13
985,1,23,552,22,16
986,1,13,553,9,7
987,37,3,4,4,20
988,37,3,4,4,11
989,37,3,4,4,6
990,37,3,4,4,14
991,1,15,554,14,20
992,75,9,10,10,10
993,1,23,555,22,19
994,67,11,11,11,18
995,1,23,556,22,14
996,1,25,557,25,10
997,1,5,558,5,3
998,63,16,20,20,20
999,1,19,559,23,15
1000,33,20,17,17,10
1001,75,9,10,10,9
1002,1,19,560,21,22
1003,1,15,561,14,5
1004,1,7,562,12,4
1005,1,10,563,13,10
1006,1,19,564,23,23
1007,86,8,7,7,14
1008,63,16,20,20,25
1009,1,7,565,12,1
1010,1,24,566,24,6
1011,1,19,567,23,6
1012,53,22,21,21,17
1013,1,22,568,21,23
1014,53,22,21,21,21
1015,1,24,569,24,15
1016,1,12,570,16,13
1017,1,10,571,13,19
1018,1,23,572,22,20
1019,1,7,573,12,2
1020,1,2,574,11,6
1021,1,17,575,22,8
1022,1,7,576,12,2
1023,86,8,7,7,7
1024,1,7,577,12,13
1025,86,8,7,7,5
1026,33,20,17,17,19
1027,53,22,21,21,1
1028,1,22,578,21,10
1029,19,23,22,22,13
1030,56,14,15,15,17
1031,32,25,25,25,15
1032,1,23,579,22,8
1033,1,16,580,20,20
1034,67,11,11,11,25
1035,1,15,581,14,20
1036,1,24,582,24,6
1037,44,1,1,1,2
1038,75,9,10,10,20
1039,1,19,583,23,2
1040,1,15,584,14,25
1041,1,15,585,14,16
1042,1,4,586,13,19
1043,1,4,587,13,20
1044,1,18,588,18,1
1045,33,20,17,17,10
1046,33,20,17,17,24
1047,1,7,589,12,17
1048,56,14,15,15,23
1049,1,7,590,12,5
1050,1,13,591,9,24
1051,1,15,592,14,3
1052,53,22,21,21,22
1053,1,4,593,13,9
1054,1,7,594,12,2
1055,9,18,18,18,16
1056,1,17,595,19,3
1057,1,22,596,20,1
1058,1,24,597,24,25
1059,53,22,21,21,22
1060,1,23,598,22,19
1061,1,17,599,19,2
1062,1,19,600,21,15
1063,43,5,5,5,10
1064,1,23,601,22,15
1065,53,22,21,21,20
1066,1,23,602,17,22
1067,67,11,11,11,16
1068,1,15,603,14,19
1069,43,5,5,5,18
1070,1,7,604,12,5
1071,1,11,605,11,23
1072,67,11,11,11,1
1073,1,23,606,22,3
1074,1,7,607,12,11
1075,1,7,608,12,24
1076,19,23,22,22,15
1077,1,25,609,25,18
1078,1,7,610,12,10
1079,1,22,611,21,17
1080,75,9,10,10,14
1081,1,18,612,18,4
1082,53,22,21,21,5
1083,1,15,613,14,8
1084,63,16,20,20,2
1085,1,22,614,21,8
1086,53,22,21,21,24
1087,44,1,1,1,7
1088,1,7,615,12,4
1089,75,9,10,10,13
1090,1,21,616,23,6
1091,1,10,617,2,17
1092,1,15,618,14,20
1093,86,8,7,7,11
1094,1,4,619,13,6
1095,33,20,17,17,5
1096,1,18,620,18,17
1097,1,20,621,23,19
1098,75,9,10,10,1
1099,56,14,15,15,25
1100,44,1,1,1,6
1101,44,1,1,1,20
1102,1,13,622,9,17
1103,1,13,623,9,17
1104,1,6,624,6,24
1105,1,17,625,19,6
1106,37,3,4,4,18
1107,42,6,6,6,4
1108,63,16,20,20,3
1109,1,10,626,2,3
1110,1,18,627,18,11
1111,1,4,628,13,20
1112,67,11,11,11,4
1113,1,16,629,20,3
1114,1,13,630,9,24
1115,1,13,631,9,22
1116,1,17,632,19,25
1117,63,16,20,20,13
1118,75,9,10,10,17
1119,67,11,11,11,5
1120,1,19,633,23,12
1121,1,23,634,22,9
1122,1,22,635,21,13
1123,67,11,11,11,2
1124,75,9,10,10,3
1125,1,12,636,16,7
1126,56,14,15,15,17
1127,1,24,637,24,11
1128,33,20,17,17,22
1129,1,22,638,23,21
1130,1,24,639,23,1
1131,1,2,640,3,6
1132,1,7,641,12,21
1133,53,22,21,21,17
1134,1,8,642,7,16
1135,1,22,643,21,15
1136,37,3,4,4,19
1137,43,5,5,5,15
1138,1,2,644,3,5
1139,1,2,645,3,8
1140,56,14,15,15,2
1141,17,21,8,8,15
1142,1,7,646,12,16
1143,1,2,647,3,15
1144,56,14,15,15,5
1145,67,11,11,11,4
1146,67,11,11,11,6
1147,1,11,648,11,21
1148,67,11,11,11,15
1149,53,22,21,21,1
1150,53,22,21,21,3
1151,44,1,1,1,13
1152,75,9,10,10,7
1153,67,11,11,11,12
1154,32,25,25,25,5
1155,56,14,15,15,20
1156,75,9,10,10,4
1157,1,23,649,22,11
1158,23,4,13,13,15
1159,37,3,4,4,19
1160,1,24,650,23,15
1161,44,1,1,1,14
1162,63,16,20,20,9
1163,1,22,651,23,14
1164,56,14,15,15,21
1165,1,10,652,2,24
1166,9,18,18,18,22
1167,1,10,653,2,21
1168,63,16,20,20,1
1169,63,16,20,20,13
1170,86,8,7,7,24
1171,1,18,654,18,16
1172,1,4,655,13,6
1173,86,8,7,7,1
1174,1,23,656,22,17
1175,1,7,657,12,19
1176,1,21,658,23,16
1177,1,2,659,11,12
1178,1,24,660,24,13
1179,1,24,661,24,10
1180,1,17,662,22,19
1181,1,17,663,22,14
1182,1,17,664,22,1
1183,1,17,665,19,1
1184,75,9,10,10,1
1185,1,7,666,12,16
1186,75,9,10,10,5
1187,1,2,667,3,24
1188,75,9,10,10,25
1189,1,21,668,23,14
1190,44,1,1,1,21
1191,1,25,669,25,4
1192,1,20,670,14,8
1193,1,10,671,2,14
1194,1,10,672,2,10
1195,1,23,673,22,8
1196,1,15,674,14,18
1197,67,11,11,11,20
1198,44,1,1,1,12
1199,1,2,675,3,21
1200,1,15,676,14,3
1201,11,13,9,9,15
1202,63,16,20,20,5
1203,1,1,677,1,9
1204,1,15,678,14,16
1205,1,10,679,2,21
1206,1,24,680,24,19
1207,1,23,681,22,10
1208,1,22,682,21,2
1209,86,8,7,7,22
1210,67,11,11,11,16
1211,1,17,683,19,6
1212,44,1,1,1,19
1213,1,15,684,14,25
1214,1,13,685,9,2
1215,1,13,686,9,1
1216,23,4,13,13,4
1217,1,5,687,5,3
1218,75,9,10,10,22
1219,75,9,10,10,19
1220,63,16,20,20,9
1221,1,21,688,23,21
1222,1,19,689,23,25
1223,67,11,11,11,16
1224,1,23,690,22,17
1225,32,25,25,25,15
1226,1,17,691,19,12
1227,67,11,11,11,9
1228,1,19,692,23,7
1229,1,24,693,24,16
1230,1,24,694,24,2
1231,1,24,695,24,21
1232,1,12,696,16,2
1233,1,24,697,24,15
1234,1,24,698,24,16
1235,1,24,699,24,25
1236,67,11,11,11,19
1237,1,15,700,14,17
1238,1,25,701,25,7
1239,1,25,702,25,6
1240,1,24,703,24,1
1241,1,19,704,12,4
1242,44,1,1,1,1
1243,37,3,4,4,7
1244,44,1,1,1,13
1245,1,19,705,12,19
1246,44,1,1,1,23
1247,75,9,10,10,2
1248,1,7,706,12,2
1249,44,1,1,1,21
1250,1,23,707,22,13
1251,44,1,1,1,14
1252,44,1,1,1,20
1253,1,13,708,9,19
1254,63,16,20,20,6
1255,1,18,709,18,7
1256,1,19,710,12,10
1257,75,9,10,10,12
1258,1,20,711,17,16
1259,19,23,22,22,15
1260,1,24,712,23,24
1261,32,25,25,25,9
1262,44,1,1,1,13
1263,44,1,1,1,17
1264,1,19,713,12,23
1265,56,14,15,15,25
1266,1,21,714,23,22
1267,44,1,1,1,13
1268,33,20,17,17,20
1269,1,24,715,24,25
1270,44,1,1,1,15
1271,1,19,716,12,14
1272,1,19,717,12,24
1273,1,19,718,12,3
1274,1,5,719,21,18
1275,86,8,7,7,13
1276,1,19,720,12,23
1277,75,9,10,10,12
1278,1,7,721,12,17
1279,86,8,7,7,22
1280,1,23,722,22,8
1281,1,19,723,23,20
1282,1,13,724,9,5
1283,1,12,725,16,7
1284,1,21,726,23,5
1285,1,7,727,12,1
1286,1,19,728,23,10
1287,1,15,729,14,9
1288,33,20,17,17,1
1289,44,1,1,1,5
1290,1,22,730,23,8
1291,1,10,731,13,15
1292,86,8,7,7,25
1293,1,12,732,16,10
1294,44,1,1,1,3
1295,1,19,733,12,12
1296,1,25,734,25,16
1297,75,9,10,10,21
1298,1,23,735,22,8
1299,1,10,736,2,13
1300,75,9,10,10,20
1301,1,10,737,2,22
1302,86,8,7,7,16
1303,1,13,738,9,17
1304,1,6,739,6,11
1305,86,8,7,7,21
1306,1,15,740,14,18
1307,42,6,6,6,3
1308,1,24,741,19,19
1309,86,8,7,7,13
1310,1,10,742,2,22
1311,1,13,743,9,7
1312,1,10,744,13,14
1313,1,24,745,23,7
1314,1,21,746,23,25
1315,1,18,747,18,18
1316,67,11,11,11,7
1317,1,12,748,16,13
1318,1,23,749,22,13
1319,1,23,750,22,13
1320,1,23,751,22,20
1321,1,23,752,22,24
1322,19,23,22,22,20
1323,1,16,753,20,5
1324,1,10,754,13,15
1325,1,24,755,23,12
1326,1,24,756,23,2
1327,53,22,21,21,14
1328,19,23,22,22,15
1329,1,19,757,23,20
1330,1,6,758,6,15
1331,1,24,759,23,17
1332,1,19,760,23,22
1333,43,5,5,5,19
1334,1,19,761,23,20
1335,1,19,762,23,10
1336,1,19,763,23,19
1337,67,11,11,11,1
1338,1,24,764,24,14
1339,1,24,765,24,10
1340,86,8,7,7,13
1341,1,21,766,24,14
1342,1,17,767,19,11
1343,1,23,768,22,8
1344,33,20,17,17,14
1345,67,11,11,11,24
1346,67,11,11,11,18
1347,1,12,769,16,4
1348,32,25,25,25,24
1349,86,8,7,7,16
1350,1,24,770,24,22
1351,1,25,771,25,18
1352,1,21,772,23,25
1353,1,20,773,17,11
1354,1,17,774,19,9
1355,67,11,11,11,9
1356,1,8,775,7,23
1357,1,17,776,19,14
1358,1,16,777,20,8
1359,1,21,778,23,5
1360,86,8,7,7,13
1361,1,17,779,19,10
1362,1,25,780,25,9
1363,1,2,781,11,10
1364,19,23,22,22,6
1365,1,17,782,19,16
1366,1,22,783,20,25
1367,1,10,784,2,4
1368,1,17,785,19,17
1369,53,22,21,21,10
1370,19,23,22,22,16
1371,1,18,786,18,3
1372,1,15,787,14,14
1373,53,22,21,21,19
1374,1,17,788,19,6
1375,53,22,21,21,11
1376,1,23,789,22,16
1377,1,1,790,1,5
1378,63,16,20,20,9
1379,1,10,791,2,11
1380,19,23,22,22,16
1381,19,23,22,22,4
1382,1,15,792,14,24
1383,1,15,793,14,23
1384,1,10,794,13,9
1385,1,18,795,18,15
1386,1,13,796,9,11
1387,1,18,797,18,20
1388,1,18,798,18,19
1389,1,17,799,19,11
1390,1,18,800,18,3
1391,1,13,801,9,21
1392,1,6,802,6,4
1393,75,9,10,10,7
1394,63,16,20,20,24
1395,75,9,10,10,8
1396,1,10,803,13,13
1397,9,18,18,18,4
1398,37,3,4,4,17
1399,37,3,4,4,3
1400,37,3,4,4,11
1401,1,25,804,25,23
1402,1,10,805,2,23
1403,1,22,806,23,25
1404,1,22,807,21,24
1405,1,13,808,9,20
1406,42,6,6,6,6
1407,1,18,809,18,6
1408,1,21,810,23,6
1409,1,23,811,22,10
1410,1,23,812,22,3
1411,1,19,813,23,8
1412,33,20,17,17,23
1413,1,20,814,17,3
1414,44,1,1,1,23
1415,1,24,815,23,24
1416,1,17,816,19,7
1417,1,19,817,23,16
1418,1,2,818,3,25
1419,75,9,10,10,19
1420,1,17,819,19,6
1421,1,9,820,10,18
1422,56,14,15,15,22
1423,44,1,1,1,9
1424,1,19,821,23,6
1425,1,9,822,10,11
1426,1,15,823,14,19
1427,86,8,7,7,22
1428,1,17,824,19,6
1429,1,23,825,22,16
1430,1,2,826,3,12
1431,1,25,827,25,22
1432,1,10,828,2,23
1433,1,13,829,9,25
1434,1,13,830,9,11
1435,17,21,8,8,2
1436,1,24,831,24,8
1437,1,23,832,22,3
1438,1,23,833,22,25
1439,1,18,834,18,4
1440,1,17,835,19,5
1441,67,11,11,11,21
1442,86,8,7,7,25
1443,1,17,836,19,22
1444,86,8,7,7,15
1445,17,21,8,8,11
1446,1,21,837,23,7
1447,1,25,838,25,22
1448,67,11,11,11,24
1449,1,11,839,11,22
1450,1,19,840,23,1
1451,86,8,7,7,16
1452,1,23,841,22,9
1453,1,25,842,25,22
1454,1,25,843,23,2
1455,1,25,844,25,16
1456,67,11,11,11,15
1457,1,25,845,25,1
1458,1,18,846,18,6
1459,86,8,7,7,10
1460,53,22,21,21,15
1461,17,21,8,8,3
1462,17,21,8,8,16
1463,1,24,847,24,9
1464,1,25,848,25,8
1465,1,24,849,24,9
1466,1,23,850,4,18
1467,1,17,851,19,24
1468,42,6,6,6,19
1469,1,17,852,19,3
1470,32,25,25,25,20
1471,42,6,6,6,8
1472,42,6,6,6,15
1473,42,6,6,6,19
1474,1,17,853,19,7
1475,1,25,854,25,9
1476,1,3,855,4,10
1477,1,23,856,22,15
1478,86,8,7,7,9
1479,1,12,857,16,16
1480,1,8,858,7,15
1481,1,24,859,24,20
1482,1,7,860,12,17
1483,1,7,861,12,13
1484,1,18,862,18,18
1485,1,18,863,18,22
1486,1,23,864,4,19
1487,86,8,7,7,11
1488,33,20,17,17,14
1489,67,11,11,11,18
1490,1,2,865,11,16
1491,1,15,866,14,14
1492,1,17,867,19,13
1493,1,2,868,11,9
1494,86,8,7,7,20
1495,56,14,15,15,14
1496,86,8,7,7,6
1497,1,17,869,19,1
1498,1,23,870,22,9
1499,1,8,871,7,15
1500,1,14,872,15,19
1501,1,17,873,19,17
1502,67,11,11,11,16
1503,86,8,7,7,3
1504,1,21,874,8,15
1505,1,21,875,8,18
1506,86,8,7,7,4
1507,1,2,876,3,20
1508,63,16,20,20,17
1509,1,14,877,15,7
1510,1,17,878,19,20
1511,1,2,879,3,19
1512,1,12,880,16,11
1513,1,7,12,12,8
1514,63,16,20,20,15
1515,1,15,881,18,22
1516,1,24,882,24,9
1517,67,11,11,11,16
1518,1,25,883,25,4
1519,1,17,884,19,25
1520,44,1,1,1,16
1521,56,14,15,15,13
1522,1,24,885,23,10
1523,67,11,11,11,20
1524,1,10,886,13,5
1525,67,11,11,11,7
1526,1,19,887,23,6
1527,1,12,888,16,15
1528,1,2,889,11,10
1529,1,9,890,10,14
1530,1,17,891,19,5
1531,1,22,892,21,13
1532,44,1,1,1,6
1533,1,8,893,7,20
1534,1,25,894,25,7
1535,1,19,895,23,21
1536,1,21,896,23,2
1537,1,24,897,24,9
1538,1,25,898,25,13
1539,63,16,20,20,8
1540,1,21,899,8,15
1541,1,21,900,8,12
1542,1,17,901,22,14
1543,17,21,8,8,2
1544,1,25,902,25,1
1545,1,10,903,13,1
1546,1,20,904,23,19
1547,75,9,10,10,16
1548,1,20,905,17,14
1549,1,17,906,19,25
1550,1,21,907,8,7
1551,75,9,10,10,22
1552,1,21,908,8,12
1553,1,21,909,8,21
1554,1,25,910,25,4
1555,1,23,911,22,7
1556,1,12,912,16,23
1557,37,3,4,4,18
1558,1,5,913,5,23
1559,37,3,4,4,9
1560,63,16,20,20,4
1561,1,22,914,21,18
1562,75,9,10,10,18
1563,1,25,915,25,4
1564,1,23,916,22,5
1565,37,3,4,4,1
1566,42,6,6,6,23
1567,63,16,20,20,13
1568,1,15,917,14,12
1569,1,24,918,24,6
1570,86,8,7,7,9
1571,1,24,919,24,6
1572,1,12,920,16,17
1573,23,4,13,13,2
1574,1,20,921,17,3
1575,86,8,7,7,4
1576,63,16,20,20,4
1577,86,8,7,7,22
1578,86,8,7,7,18
1579,1,7,922,12,17
1580,1,5,923,5,12
1581,1,5,924,5,5
1582,86,8,7,7,2
1583,44,1,1,1,25
1584,1,23,925,22,16
1585,1,24,926,24,16
1586,1,23,927,22,25
1587,1,19,928,23,17
1588,1,7,929,12,22
1589,1,24,930,24,18
1590,1,24,931,24,13
1591,1,23,932,22,25
1592,44,1,1,1,20
1593,1,17,933,19,14
1594,1,24,934,24,14
1595,1,7,935,12,10
1596,63,16,20,20,23
1597,1,10,936,13,24
1598,1,19,937,23,4
1599,56,14,15,15,7
1600,75,9,10,10,10
1601,17,21,8,8,1
1602,63,16,20,20,13
1603,1,17,938,19,19
1604,1,12,939,16,12
1605,1,2,940,3,5
1606,75,9,10,10,7
1607,75,9,10,10,1
1608,43,5,5,5,18
1609,1,24,941,24,24
1610,1,18,942,18,2
1611,1,18,943,9,7
1612,17,21,8,8,5
1613,1,24,944,24,6
1614,1,19,945,23,20
1615,1,7,946,12,4
1616,1,17,947,19,18
1617,67,11,11,11,19
1618,1,7,948,12,20
1619,1,18,949,18,22
1620,17,21,8,8,2
1621,1,18,950,18,3
1622,19,23,22,22,12
1623,19,23,22,22,21
1624,1,25,951,25,25
1625,1,25,952,25,18
1626,63,16,20,20,2
1627,86,8,7,7,15
1628,1,18,953,18,4
1629,67,11,11,11,10
1630,17,21,8,8,7
1631,37,3,4,4,4
1632,1,17,954,19,2
1633,17,21,8,8,4
1634,37,3,4,4,24
1635,37,3,4,4,22
1636,1,23,955,22,24
1637,32,25,25,25,25
1638,75,9,10,10,23
1639,1,12,956,16,2
1640,1,11,957,11,10
1641,1,25,958,25,10
1642,1,4,959,23,13
1643,1,13,960,9,20
1644,1,25,961,25,4
1645,1,10,962,2,23
1646,1,7,963,12,6
1647,1,7,964,12,21
1648,1,17,965,19,16
1649,1,17,966,19,1
1650,1,17,967,19,21
1651,1,10,968,2,15
1652,1,19,969,23,7
1653,1,19,970,23,16
1654,1,19,971,23,22
1655,33,20,17,17,13
1656,17,21,8,8,25
1657,56,14,15,15,25
